schema_changed,missing_cols_count,null_rate,duplicate_rate,contract_violation_count,upstream_failed,cpu_usage,memory_mb,runtime_ratio,error_rate,throughput_change,latency_change,root_cause
0,0,0.003,0.002,0,0,49.82,285.53,0.91,0.0,-0.0162,0.0223,unknown
0,0,0.0004,0.0052,0,0,26.41,194.0,4.21,1.0,-0.4121,2.606,timeout
0,0,0.0018,0.0012,0,1,31.01,232.71,0.15,1.0,-0.0259,0.0297,dependency_failure
0,0,0.0031,0.0001,0,0,48.35,232.06,3.45,1.0,-0.4599,2.1668,timeout
0,0,0.0,0.0,0,0,46.98,304.73,1.09,1.0,0.0812,0.0827,unknown
1,3,0.0042,0.0,3,0,49.49,285.39,1.03,1.0,-0.0357,-0.0437,schema_change
0,0,0.0,0.0,0,0,96.22,3128.56,0.86,1.0,0.0155,1.7742,resource_constraint
0,0,0.0017,0.0,0,0,45.71,241.32,3.02,1.0,-0.6377,3.3586,timeout
0,0,0.0015,0.0,0,0,91.5,3489.56,1.04,1.0,-0.0095,2.8745,resource_constraint
0,0,0.0027,0.0002,0,1,54.06,335.9,0.25,1.0,0.0093,0.0684,dependency_failure
0,0,0.0027,0.0028,0,0,45.41,143.15,3.82,1.0,-0.6505,3.6917,timeout
1,1,0.0012,0.0028,2,0,35.29,324.6,1.08,1.0,0.0552,0.0066,schema_change
0,0,0.0,0.0034,0,1,21.37,274.37,0.18,1.0,-0.0262,0.0322,dependency_failure
0,0,0.0009,0.0044,0,0,96.86,2605.9,0.98,1.0,0.0884,3.3859,resource_constraint
0,0,0.0,0.0,0,0,41.2,254.54,2.1,1.0,-0.7965,4.61,timeout
0,0,0.0,0.0,0,0,46.52,211.26,3.56,1.0,-0.6425,3.9306,timeout
1,2,0.0036,0.0034,3,0,29.74,208.12,1.05,1.0,0.0593,0.0359,schema_change
0,0,0.0,0.0,0,0,38.09,248.71,2.1,1.0,-0.737,4.2872,timeout
0,0,0.0014,0.0018,0,0,96.44,3021.76,1.09,1.0,0.0462,3.6288,resource_constraint
0,0,0.0009,0.0,0,0,90.44,3256.54,1.11,1.0,-0.0563,3.3926,resource_constraint
0,0,0.0012,0.0008,0,1,36.14,234.49,0.24,1.0,-0.0202,-0.0449,dependency_failure
0,0,0.0,0.0022,0,0,49.66,251.61,0.95,0.0,0.0081,-0.0071,unknown
0,0,0.0021,0.0051,0,1,45.82,193.12,0.17,1.0,-0.0396,-0.0275,dependency_failure
0,0,0.0008,0.0006,0,0,77.12,254.63,0.89,1.0,0.0476,0.0295,unknown
0,0,0.0049,0.0,0,0,92.91,3491.96,1.01,1.0,0.0929,3.1639,resource_constraint
0,0,0.1975,0.2129,14,0,29.27,294.01,1.0,0.94,0.0004,0.0864,data_quality
0,0,0.0024,0.0,0,0,85.54,2938.66,0.87,1.0,0.0213,3.3156,resource_constraint
0,0,0.0044,0.0,0,0,38.17,225.5,2.86,1.0,-0.4086,3.9802,timeout
0,0,0.0012,0.003,0,0,98.54,3455.14,1.12,1.0,0.0437,3.2204,resource_constraint
0,0,0.0051,0.0039,0,0,61.71,282.83,0.91,1.0,0.0118,0.0919,unknown
0,0,0.0063,0.0035,0,0,28.52,156.97,4.11,1.0,-0.7771,4.933,timeout
0,0,0.0008,0.0011,0,1,45.69,335.68,0.15,1.0,-0.0289,-0.0051,dependency_failure
0,0,0.0025,0.0,0,0,52.45,206.34,1.02,0.0,-0.0395,0.0157,unknown
0,0,0.0,0.0038,0,1,34.12,323.26,0.17,1.0,-0.0883,-0.0138,dependency_failure
0,0,0.0018,0.0001,0,1,28.17,258.58,0.24,1.0,0.0947,-0.0719,dependency_failure
0,0,0.0024,0.0,0,0,65.41,243.2,0.88,1.0,-0.0874,-0.0154,unknown
1,2,0.0021,0.0028,2,0,43.03,332.27,1.06,1.0,0.1117,-0.0388,schema_change
0,0,0.1947,0.0292,6,0,49.09,218.31,1.03,0.64,0.0657,-0.0221,data_quality
0,0,0.3612,0.1509,14,0,15.77,321.98,0.87,0.82,-0.0982,0.0065,data_quality
0,0,0.001,0.0029,0,1,25.32,265.17,0.24,1.0,0.0158,0.0378,dependency_failure
0,0,0.1001,0.1713,7,0,29.93,240.56,1.07,0.82,0.0211,0.0133,data_quality
0,0,0.0,0.0034,0,0,97.9,3267.85,0.89,1.0,-0.0668,3.7078,resource_constraint
0,0,0.2298,0.2047,4,0,41.83,299.43,0.98,0.69,0.0096,0.0139,data_quality
0,0,0.3295,0.1827,5,0,41.4,256.06,0.83,0.6,-0.0147,0.002,data_quality
1,1,0.0,0.0049,2,0,32.89,271.39,1.19,1.0,0.0114,-0.0097,schema_change
0,0,0.0,0.0025,0,1,45.7,221.5,0.17,1.0,0.0311,0.0207,dependency_failure
0,0,0.0011,0.0,0,0,40.42,254.93,0.9,1.0,-0.0448,-0.0286,unknown
0,0,0.0,0.002,0,0,54.22,375.39,0.97,0.0,-0.0083,0.0554,unknown
0,0,0.0,0.001,0,0,63.59,229.76,0.96,0.0,-0.044,-0.0283,unknown
0,0,0.0039,0.0,0,1,51.72,281.81,0.27,1.0,-0.0157,0.0461,dependency_failure
0,0,0.0016,0.002,0,1,40.63,263.26,0.12,1.0,-0.0241,0.0346,dependency_failure
0,0,0.0,0.0008,0,0,28.22,259.63,3.4,1.0,-0.5638,4.7207,timeout
0,0,0.1574,0.0649,2,0,44.62,262.69,1.0,0.84,-0.0416,0.0548,data_quality
0,0,0.0022,0.0017,0,0,36.99,176.76,3.88,1.0,-0.5354,3.2176,timeout
0,0,0.0007,0.0009,0,0,50.3,216.97,3.22,1.0,-0.4953,2.8534,timeout
0,0,0.0,0.0026,0,0,48.2,267.65,0.92,0.0,0.0408,0.0395,unknown
0,0,0.0018,0.0,0,0,42.55,210.46,0.91,1.0,-0.0646,-0.0666,unknown
0,0,0.002,0.0014,0,0,86.25,3574.12,1.0,1.0,0.0336,2.7081,resource_constraint
0,0,0.0019,0.0,0,0,96.36,2971.47,0.92,1.0,0.0079,1.5553,resource_constraint
0,0,0.002,0.0007,0,0,91.48,3437.71,0.93,1.0,-0.0233,2.0087,resource_constraint
0,0,0.0,0.0015,0,0,37.1,249.09,2.1,1.0,-0.6136,3.9779,timeout
0,0,0.0034,0.0,0,1,42.54,310.16,0.27,1.0,-0.0023,0.0245,dependency_failure
0,0,0.0037,0.0,0,0,17.3,162.7,2.97,1.0,-0.5281,2.34,timeout
0,0,0.0035,0.0017,0,1,30.82,213.56,0.14,1.0,-0.0642,-0.0052,dependency_failure
0,0,0.0024,0.002,0,0,32.98,242.64,4.05,1.0,-0.7092,4.2713,timeout
0,0,0.3061,0.1831,9,0,36.23,242.26,0.99,0.6,-0.0532,-0.0883,data_quality
0,0,0.0016,0.0048,0,0,87.15,2297.02,0.93,1.0,-0.0537,3.6578,resource_constraint
0,0,0.3764,0.1403,11,0,28.17,253.41,1.12,0.64,0.1139,0.0329,data_quality
0,0,0.0,0.003,0,0,43.27,242.44,3.56,1.0,-0.443,4.8823,timeout
0,0,0.0014,0.0,0,1,22.2,262.61,0.23,1.0,-0.0566,0.0437,dependency_failure
0,0,0.0005,0.0017,0,0,97.28,3593.7,1.02,1.0,0.0239,3.7748,resource_constraint
0,0,0.0019,0.0012,0,0,34.58,236.86,2.64,1.0,-0.7357,4.4578,timeout
0,0,0.0064,0.0038,0,0,52.57,208.65,0.8,0.0,-0.017,0.0147,unknown
0,0,0.0,0.0021,0,0,50.93,206.12,2.48,1.0,-0.5901,4.5288,timeout
1,3,0.0013,0.0,3,0,37.64,355.32,0.82,1.0,-0.0258,-0.0338,schema_change
1,1,0.0,0.0023,1,0,32.77,291.11,0.92,1.0,-0.0235,0.0575,schema_change
0,0,0.0013,0.0,0,0,32.55,231.46,1.04,0.0,-0.083,-0.0377,unknown
1,2,0.003,0.0,3,0,20.58,271.66,1.08,1.0,-0.0288,-0.1296,schema_change
0,0,0.3598,0.071,3,0,25.45,198.89,1.1,0.73,-0.0264,-0.022,data_quality
0,0,0.0007,0.0012,0,0,92.38,2841.16,0.9,1.0,-0.0869,2.9856,resource_constraint
1,1,0.0034,0.0011,2,0,38.35,179.31,0.85,1.0,-0.0419,-0.0222,schema_change
0,0,0.2634,0.0652,3,0,28.82,304.53,1.06,0.63,0.0382,-0.0017,data_quality
0,0,0.0,0.0,0,0,37.03,248.85,3.98,1.0,-0.4586,3.9006,timeout
0,0,0.0943,0.1296,2,0,36.35,194.94,0.89,0.88,0.0,-0.0218,data_quality
0,0,0.2486,0.1067,3,0,39.74,266.39,1.04,0.98,0.0041,-0.0019,data_quality
0,0,0.0009,0.0021,0,1,22.78,228.08,0.14,1.0,-0.0381,0.0548,dependency_failure
0,0,0.0051,0.0014,0,1,40.13,282.31,0.14,1.0,0.0001,0.0251,dependency_failure
0,0,0.2519,0.0474,10,0,33.81,237.12,0.95,0.52,-0.0208,0.056,data_quality
1,3,0.0013,0.0002,4,0,35.83,228.62,0.8,1.0,-0.014,0.0179,schema_change
1,3,0.0001,0.0015,4,0,23.42,193.7,0.93,1.0,-0.0107,0.0155,schema_change
0,0,0.0,0.0018,0,0,87.42,3457.58,1.07,1.0,-0.0794,2.6889,resource_constraint
0,0,0.1584,0.0936,12,0,55.02,249.71,1.02,0.92,-0.0148,0.0794,data_quality
1,2,0.0012,0.0,2,0,42.7,218.71,0.89,1.0,0.0443,0.0395,schema_change
0,0,0.0013,0.0025,0,0,47.47,242.08,0.96,0.0,-0.0382,0.0618,unknown
0,0,0.0054,0.0002,0,0,85.0,3170.77,0.86,1.0,-0.0275,2.8886,resource_constraint
0,0,0.0006,0.0011,0,0,67.2,239.07,0.96,1.0,-0.0094,-0.0047,unknown
0,0,0.3499,0.2371,3,0,29.99,252.21,1.06,0.67,0.0229,0.087,data_quality
0,0,0.0001,0.0028,0,0,91.41,3368.66,1.12,1.0,0.0414,2.6456,resource_constraint
0,0,0.0,0.0008,0,0,85.0,2973.97,1.09,1.0,-0.1022,2.3399,resource_constraint
0,0,0.0002,0.0,0,0,45.65,261.36,1.06,1.0,-0.0412,0.0415,unknown
0,0,0.0029,0.0,0,0,89.22,3110.3,1.16,1.0,-0.0639,3.7288,resource_constraint
0,0,0.0019,0.0,0,0,93.15,3352.49,1.06,1.0,0.0646,3.2776,resource_constraint
0,0,0.0006,0.002,0,1,31.93,228.78,0.15,1.0,-0.0164,-0.0881,dependency_failure
0,0,0.0028,0.0004,0,0,89.14,3421.41,1.22,1.0,-0.006,3.3079,resource_constraint
0,0,0.0022,0.0,0,0,29.78,257.18,3.56,1.0,-0.4827,2.5851,timeout
0,0,0.0052,0.0,0,0,28.86,279.89,3.04,1.0,-0.6675,2.9154,timeout
0,0,0.0,0.0,0,0,89.1,3135.22,0.97,1.0,-0.0137,2.7667,resource_constraint
0,0,0.0025,0.0,0,1,39.5,223.53,0.18,1.0,-0.0626,0.0015,dependency_failure
0,0,0.0,0.0027,0,0,35.44,276.02,2.16,1.0,-0.7907,3.7973,timeout
0,0,0.0006,0.0002,0,0,92.73,3745.64,1.16,1.0,-0.0509,2.8015,resource_constraint
0,0,0.3304,0.159,11,0,37.52,279.57,0.94,0.6,-0.0296,0.0685,data_quality
0,0,0.0,0.0019,0,0,33.99,324.1,3.2,1.0,-0.4698,2.7418,timeout
0,0,0.0,0.004,0,0,50.36,254.4,0.81,0.0,0.1048,0.0131,unknown
0,0,0.0,0.0024,0,0,35.26,295.49,4.18,1.0,-0.5488,4.7607,timeout
0,0,0.0003,0.0,0,1,35.29,289.23,0.11,1.0,0.0096,0.0902,dependency_failure
0,0,0.2313,0.0692,10,0,26.03,169.25,1.16,0.64,0.084,0.028,data_quality
0,0,0.0001,0.0016,0,0,32.19,311.28,3.06,1.0,-0.4132,2.85,timeout
0,0,0.0029,0.0015,0,0,42.66,267.42,3.05,1.0,-0.5441,4.6786,timeout
0,0,0.0017,0.0,0,1,22.77,256.67,0.22,1.0,0.016,0.0377,dependency_failure
0,0,0.0875,0.1369,1,0,17.58,222.02,1.02,0.87,0.0051,0.0075,data_quality
0,0,0.2222,0.2004,13,0,23.92,257.35,0.96,0.79,0.0428,0.0076,data_quality
0,0,0.0,0.0,0,0,88.14,3087.3,0.86,1.0,-0.0228,1.6149,resource_constraint
0,0,0.0,0.0024,0,1,35.4,293.84,0.15,1.0,0.0227,0.0115,dependency_failure
0,0,0.0,0.0007,0,0,25.02,244.7,3.08,1.0,-0.7482,4.9117,timeout
0,0,0.0027,0.0024,0,0,43.57,244.7,2.91,1.0,-0.7608,3.8436,timeout
0,0,0.1605,0.1629,11,0,27.24,246.77,1.09,0.61,0.0181,0.0213,data_quality
0,0,0.0017,0.0,0,1,26.68,302.01,0.15,1.0,0.0174,-0.1161,dependency_failure
0,0,0.0018,0.0001,0,0,70.77,261.65,0.93,1.0,-0.0461,-0.0697,unknown
0,0,0.0,0.0,0,1,43.92,226.68,0.17,1.0,-0.0126,0.0194,dependency_failure
1,3,0.0007,0.0031,4,0,51.27,197.45,0.89,1.0,-0.0084,0.0055,schema_change
0,0,0.003,0.0,0,0,80.0,294.78,1.04,1.0,-0.0501,0.0017,unknown
0,0,0.0007,0.0,0,1,26.93,205.72,0.28,1.0,0.014,-0.0009,dependency_failure
0,0,0.0,0.0,0,0,40.13,260.34,1.09,0.0,0.0155,0.0876,unknown
1,1,0.0002,0.0017,2,0,42.05,234.79,0.81,1.0,-0.0075,0.0676,schema_change
0,0,0.0025,0.0029,0,1,40.85,193.3,0.1,1.0,0.0034,-0.0543,dependency_failure
0,0,0.0,0.0018,0,0,86.83,3374.55,0.99,1.0,0.0433,3.7469,resource_constraint
0,0,0.0024,0.0018,0,0,53.5,258.0,0.88,0.0,0.0532,-0.0447,unknown
1,1,0.0016,0.0,1,0,39.77,260.84,1.03,1.0,0.0904,0.0175,schema_change
0,0,0.0008,0.0,0,0,39.5,290.99,3.45,1.0,-0.5664,3.1475,timeout
0,0,0.0009,0.0037,0,1,48.18,340.03,0.23,1.0,-0.0198,-0.0206,dependency_failure
0,0,0.0025,0.0012,0,1,33.95,290.78,0.24,1.0,0.0263,-0.1165,dependency_failure
0,0,0.0,0.0,0,0,35.34,214.05,2.1,1.0,-0.4071,4.9285,timeout
0,0,0.0,0.0012,0,0,92.73,3292.69,1.12,1.0,-0.0644,2.5246,resource_constraint
0,0,0.0006,0.0015,0,0,88.21,3520.88,1.1,1.0,-0.0104,1.5029,resource_constraint
0,0,0.0006,0.0,0,1,24.56,212.92,0.28,1.0,0.0163,0.0456,dependency_failure
0,0,0.0068,0.0022,0,0,49.69,201.47,0.87,0.0,0.0452,-0.0397,unknown
0,0,0.0003,0.0018,0,0,85.5,3334.5,1.08,1.0,0.0081,1.8081,resource_constraint
0,0,0.0021,0.0046,0,0,80.0,221.31,1.0,0.0,0.0689,-0.0219,unknown
0,0,0.0,0.0002,0,0,42.94,261.73,0.92,1.0,0.0006,-0.0214,unknown
0,0,0.3193,0.235,12,0,33.65,242.68,0.89,0.95,-0.0741,-0.0044,data_quality
0,0,0.0035,0.0005,0,0,93.71,3022.97,0.93,1.0,0.0062,2.0454,resource_constraint
0,0,0.0,0.0008,0,0,42.65,232.6,0.88,1.0,0.0003,0.2074,unknown
0,0,0.0,0.0005,0,1,28.21,213.01,0.14,1.0,0.0322,-0.0119,dependency_failure
1,2,0.0018,0.0026,2,0,29.8,280.88,1.11,1.0,0.0967,0.0035,schema_change
0,0,0.0027,0.0029,0,0,49.9,293.2,3.08,1.0,-0.5067,2.6576,timeout
0,0,0.3514,0.1616,10,0,34.1,282.07,0.91,0.51,0.0118,-0.0784,data_quality
0,0,0.0753,0.2221,8,0,43.71,187.23,0.98,0.65,-0.073,0.0468,data_quality
0,0,0.0027,0.001,0,1,50.31,270.7,0.15,1.0,-0.0514,-0.0494,dependency_failure
1,1,0.0024,0.0044,2,0,48.44,279.4,0.94,1.0,-0.065,-0.07,schema_change
0,0,0.0,0.0025,0,0,93.63,3095.86,1.02,1.0,-0.0561,1.9858,resource_constraint
0,0,0.0014,0.0,0,0,47.43,251.25,3.4,1.0,-0.604,4.0391,timeout
0,0,0.0013,0.0014,0,1,42.79,293.04,0.13,1.0,0.0116,0.0739,dependency_failure
0,0,0.35,0.1155,10,0,29.1,249.05,0.79,0.54,-0.0725,-0.0158,data_quality
1,1,0.0,0.0,2,0,51.0,201.99,1.12,1.0,0.0075,0.007,schema_change
0,0,0.2915,0.1091,7,0,32.98,276.88,0.96,0.67,0.0055,0.0221,data_quality
0,0,0.0,0.0022,0,0,65.53,211.14,1.25,1.0,-0.0175,-0.001,unknown
0,0,0.0,0.0023,0,0,86.3,3906.03,0.99,1.0,0.0158,2.3688,resource_constraint
1,3,0.0,0.0,3,0,37.14,295.28,1.22,1.0,-0.0103,0.0429,schema_change
0,0,0.1954,0.0255,9,0,36.27,235.31,1.1,0.67,-0.0602,0.0574,data_quality
1,2,0.0032,0.0,3,0,38.46,297.48,0.9,1.0,0.0743,0.0819,schema_change
0,0,0.0504,0.0825,7,0,40.62,284.95,0.95,0.61,0.0652,0.0919,data_quality
0,0,0.0008,0.0024,0,0,37.32,297.89,0.95,1.0,0.0352,0.0498,unknown
0,0,0.0,0.0014,0,0,22.74,318.05,3.9,1.0,-0.4609,3.3541,timeout
1,1,0.0,0.0009,2,0,27.62,296.95,0.91,1.0,0.0182,-0.0302,schema_change
0,0,0.3269,0.1583,4,0,40.54,273.3,0.92,0.67,-0.0954,-0.0197,data_quality
0,0,0.2074,0.0634,5,0,36.83,250.89,1.28,0.75,0.005,0.0578,data_quality
1,1,0.0,0.002,2,0,28.47,257.66,1.01,1.0,-0.0528,0.0529,schema_change
0,0,0.3897,0.1486,10,0,34.01,241.54,1.07,0.67,0.0163,0.1138,data_quality
0,0,0.0051,0.0004,0,0,53.47,262.6,1.0,0.0,-0.0019,-0.0072,unknown
0,0,0.0,0.0,0,1,28.81,211.75,0.14,1.0,-0.0098,0.0254,dependency_failure
0,0,0.001,0.0026,0,0,25.29,313.24,3.26,1.0,-0.6572,3.4792,timeout
1,1,0.0021,0.0,1,0,39.84,285.29,0.95,1.0,-0.0235,0.0133,schema_change
0,0,0.0942,0.2071,7,0,33.1,251.84,0.91,0.96,0.0586,0.0333,data_quality
0,0,0.0,0.0015,0,0,62.24,249.89,0.95,1.0,-0.029,-0.0539,unknown
0,0,0.0,0.0,0,0,38.54,205.72,4.65,1.0,-0.7346,2.7365,timeout
0,0,0.0038,0.0002,0,1,30.29,286.91,0.17,1.0,0.0215,-0.0788,dependency_failure
0,0,0.0,0.0,0,0,96.74,2779.19,0.96,1.0,-0.0633,1.9768,resource_constraint
0,0,0.0,0.0019,0,0,33.99,274.69,2.87,1.0,-0.4955,3.5551,timeout
1,1,0.0025,0.0025,1,0,35.09,285.28,0.83,1.0,-0.0374,-0.1069,schema_change
0,0,0.0038,0.0043,0,0,56.51,224.88,1.0,0.0,-0.0271,0.0607,unknown
0,0,0.0044,0.0015,0,0,93.76,3528.01,0.99,1.0,-0.0416,2.8924,resource_constraint
0,0,0.2325,0.2262,8,0,29.57,237.55,1.02,0.6,-0.0517,-0.0445,data_quality
0,0,0.0,0.0031,0,0,89.94,3279.68,1.18,1.0,-0.0604,3.9264,resource_constraint
0,0,0.0,0.0016,0,1,26.14,249.35,0.16,1.0,0.1007,-0.0013,dependency_failure
0,0,0.0,0.0002,0,0,80.0,305.6,0.96,1.0,0.0209,0.0584,unknown
1,2,0.0012,0.0014,3,0,39.86,189.23,1.0,1.0,-0.0329,-0.0845,schema_change
1,1,0.002,0.0023,1,0,38.53,215.4,0.96,1.0,-0.0731,0.0246,schema_change
0,0,0.0,0.0,0,0,58.98,245.81,1.03,0.0,-0.0388,0.0373,unknown
0,0,0.002,0.0011,0,0,52.28,245.22,0.94,0.0,-0.0482,-0.1193,unknown
0,0,0.0001,0.0011,0,0,28.28,206.24,2.98,1.0,-0.4087,2.8185,timeout
0,0,0.0,0.0014,0,0,87.5,3043.12,0.95,1.0,-0.0539,3.6408,resource_constraint
0,0,0.0,0.0,0,1,34.55,199.99,0.21,1.0,-0.0391,-0.0127,dependency_failure
0,0,0.0002,0.0008,0,1,28.17,202.96,0.14,1.0,0.0355,0.0786,dependency_failure
0,0,0.0,0.0,0,0,95.97,3335.23,1.07,1.0,-0.0001,3.8412,resource_constraint
0,0,0.0014,0.0,0,0,20.0,264.07,0.99,1.0,0.0314,0.0,unknown
0,0,0.0006,0.0,0,1,40.43,277.84,0.11,1.0,0.0219,-0.0037,dependency_failure
0,0,0.0014,0.0,0,0,88.69,2872.4,1.08,1.0,0.0263,3.6251,resource_constraint
0,0,0.2057,0.1325,1,0,32.52,248.93,0.91,0.68,-0.0547,0.0439,data_quality
0,0,0.2698,0.234,6,0,39.02,321.85,1.07,0.84,-0.0121,-0.0513,data_quality
1,2,0.0014,0.0036,2,0,38.4,338.75,0.84,1.0,-0.0109,-0.0542,schema_change
0,0,0.0031,0.0027,0,0,38.03,256.81,4.21,1.0,-0.7983,3.5303,timeout
0,0,0.103,0.0549,7,0,21.46,272.39,1.02,0.66,0.0502,-0.035,data_quality
0,0,0.0004,0.0032,0,1,32.53,261.77,0.3,1.0,0.0651,-0.0233,dependency_failure
0,0,0.0033,0.002,0,0,94.95,3440.15,1.06,1.0,0.0389,3.1843,resource_constraint
1,2,0.0026,0.0,2,0,37.69,231.06,1.06,1.0,-0.0583,-0.0036,schema_change
0,0,0.0,0.0025,0,0,80.0,251.06,0.88,1.0,0.0022,0.0629,unknown
0,0,0.0006,0.0002,0,0,30.05,223.94,3.26,1.0,-0.6668,4.3797,timeout
0,0,0.0,0.0,0,0,57.79,313.08,0.99,1.0,0.0291,-0.0192,unknown
0,0,0.0019,0.0038,0,0,94.92,2971.62,1.08,1.0,0.1275,3.4213,resource_constraint
0,0,0.318,0.041,11,0,26.28,210.08,1.0,0.76,-0.0876,-0.0384,data_quality
0,0,0.0017,0.0011,0,1,45.33,229.51,0.14,1.0,0.0104,0.0264,dependency_failure
0,0,0.3337,0.0827,2,0,24.02,262.92,0.99,0.87,0.025,-0.0267,data_quality
0,0,0.0039,0.0033,0,0,47.16,160.53,1.25,1.0,-0.001,-0.0156,unknown
0,0,0.0018,0.0027,0,0,97.13,3288.81,1.03,1.0,0.0225,3.6296,resource_constraint
0,0,0.0014,0.0031,0,1,41.34,269.65,0.17,1.0,-0.011,-0.0762,dependency_failure
0,0,0.0026,0.0019,0,0,29.9,229.61,2.55,1.0,-0.4184,4.0042,timeout
0,0,0.2988,0.2439,13,0,41.61,253.44,0.94,0.9,-0.0266,0.0193,data_quality
0,0,0.0,0.0,0,1,28.71,283.94,0.22,1.0,-0.0253,0.0085,dependency_failure
0,0,0.0001,0.0055,0,1,43.04,314.5,0.23,1.0,-0.0635,0.0669,dependency_failure
0,0,0.0,0.0033,0,0,92.81,2951.97,1.02,1.0,-0.0047,2.2026,resource_constraint
0,0,0.0009,0.0027,0,0,87.13,3150.75,1.0,1.0,-0.0152,1.8803,resource_constraint
0,0,0.0,0.0042,0,0,36.51,255.6,3.25,1.0,-0.6638,4.5915,timeout
0,0,0.0012,0.0,0,1,30.09,165.38,0.21,1.0,0.021,-0.0504,dependency_failure
0,0,0.0018,0.0001,0,0,44.86,259.12,2.95,1.0,-0.4434,4.7085,timeout
1,3,0.0016,0.0006,3,0,39.42,248.65,0.9,1.0,-0.0435,-0.0492,schema_change
1,1,0.0011,0.0027,2,0,38.88,216.15,0.94,1.0,0.0515,-0.0167,schema_change
0,0,0.0,0.0018,0,0,52.58,222.45,1.2,0.0,0.0258,0.0645,unknown
0,0,0.318,0.0212,2,0,39.69,234.15,0.95,0.5,0.0447,0.0451,data_quality
0,0,0.0,0.0,0,0,78.97,231.4,1.15,0.0,-0.0225,0.0126,unknown
0,0,0.0,0.0028,0,1,35.97,325.22,0.12,1.0,0.0166,-0.0398,dependency_failure
0,0,0.3318,0.0515,5,0,30.82,270.28,0.99,0.53,-0.0413,-0.038,data_quality
0,0,0.0007,0.0008,0,0,90.16,2626.36,1.03,1.0,0.0289,2.1785,resource_constraint
0,0,0.0025,0.0,0,0,68.99,273.07,0.89,1.0,-0.02,-0.0234,unknown
0,0,0.0026,0.0018,0,1,34.76,231.5,0.15,1.0,-0.0224,-0.0282,dependency_failure
0,0,0.0015,0.0032,0,1,41.89,241.38,0.29,1.0,0.0093,-0.073,dependency_failure
0,0,0.0017,0.0007,0,0,58.37,242.57,0.97,0.0,-0.0731,-0.0003,unknown
0,0,0.0034,0.0009,0,1,49.81,179.26,0.2,1.0,0.0125,-0.0188,dependency_failure
0,0,0.0,0.0,0,0,50.35,266.01,0.97,1.0,0.0008,-0.1039,unknown
0,0,0.0,0.001,0,0,69.27,361.33,1.1,0.0,0.0025,-0.0056,unknown
0,0,0.0779,0.1826,14,0,29.23,181.32,1.0,0.83,-0.1452,0.0296,data_quality
1,3,0.0042,0.0016,3,0,22.1,269.98,0.97,1.0,0.0169,-0.0125,schema_change
0,0,0.3603,0.1145,1,0,36.8,209.31,1.1,0.8,0.0181,-0.0568,data_quality
1,1,0.0024,0.0018,1,0,19.58,238.84,1.08,1.0,-0.0024,-0.0703,schema_change
0,0,0.0,0.0006,0,0,85.85,3177.9,1.04,1.0,-0.0214,2.8954,resource_constraint
0,0,0.0,0.0,0,0,28.88,221.59,0.94,1.0,0.0077,-0.0767,unknown
0,0,0.0016,0.0,0,0,89.55,3423.26,0.94,1.0,0.0294,2.4319,resource_constraint
0,0,0.0,0.0,0,0,91.21,2643.19,1.09,1.0,-0.0944,3.9662,resource_constraint
1,3,0.0006,0.0042,3,0,33.35,248.21,0.88,1.0,0.097,-0.0701,schema_change
0,0,0.3359,0.2407,4,0,41.41,311.97,1.08,0.9,-0.0118,0.0171,data_quality
1,3,0.0,0.0004,3,0,21.72,319.11,0.85,1.0,-0.0323,-0.0202,schema_change
1,3,0.0,0.0026,4,0,36.16,321.81,0.99,1.0,0.0283,0.0416,schema_change
0,0,0.2917,0.1517,1,0,46.06,332.31,1.08,0.7,0.0297,-0.056,data_quality
1,1,0.0007,0.0,1,0,32.53,220.5,1.05,1.0,-0.052,-0.0676,schema_change
0,0,0.0004,0.0035,0,1,35.72,222.11,0.16,1.0,0.0655,0.0117,dependency_failure
0,0,0.0,0.0,0,0,62.04,258.78,1.04,0.0,-0.0941,0.0597,unknown
0,0,0.0015,0.0,0,0,47.18,197.97,1.15,0.0,-0.0028,-0.0212,unknown
0,0,0.2004,0.1475,13,0,32.55,198.36,1.19,0.66,0.0266,-0.0767,data_quality
1,1,0.0001,0.0,2,0,22.33,280.42,1.08,1.0,0.0213,-0.0483,schema_change
0,0,0.3644,0.154,6,0,37.49,174.41,1.2,0.56,0.0645,-0.0199,data_quality
0,0,0.0019,0.0,0,1,20.63,300.89,0.17,1.0,0.0146,-0.0287,dependency_failure
1,2,0.0047,0.0022,3,0,28.59,263.23,0.97,1.0,0.0121,-0.0357,schema_change
0,0,0.0005,0.0,0,0,60.49,329.5,1.07,0.0,0.0429,0.0125,unknown
0,0,0.0019,0.0004,0,1,27.79,232.93,0.24,1.0,-0.0159,0.0009,dependency_failure
0,0,0.0,0.0,0,0,25.34,254.18,3.08,1.0,-0.6111,4.6145,timeout
0,0,0.217,0.212,3,0,40.47,247.87,0.9,0.88,-0.0198,-0.1536,data_quality
0,0,0.0,0.0016,0,0,38.26,222.83,0.78,1.0,0.0739,-0.0143,unknown
0,0,0.2313,0.192,1,0,25.33,239.94,1.03,0.92,0.0919,-0.0584,data_quality
0,0,0.0036,0.0022,0,1,36.56,267.26,0.22,1.0,0.0578,-0.0328,dependency_failure
0,0,0.0056,0.0001,0,0,20.41,298.43,2.58,1.0,-0.7582,4.3636,timeout
0,0,0.0003,0.0,0,0,98.11,3490.37,0.95,1.0,-0.0006,2.1418,resource_constraint
0,0,0.1353,0.1709,7,0,25.65,144.92,0.95,0.6,0.0571,-0.0866,data_quality
0,0,0.004,0.0,0,0,56.18,176.04,1.16,1.0,0.0853,-0.0512,unknown
0,0,0.0042,0.002,0,0,61.83,212.57,0.95,0.0,0.0545,0.0299,unknown
1,3,0.0031,0.0001,3,0,28.12,272.27,1.2,1.0,0.0043,0.0317,schema_change
1,3,0.0,0.0015,3,0,30.34,260.44,0.99,1.0,-0.0512,0.0644,schema_change
1,2,0.0014,0.0,3,0,39.37,284.94,0.85,1.0,0.008,0.1267,schema_change
0,0,0.1342,0.2211,7,0,43.92,223.38,1.2,0.92,-0.0495,0.0495,data_quality
1,3,0.0031,0.0027,3,0,32.39,298.05,0.96,1.0,-0.1019,-0.0504,schema_change
0,0,0.0,0.0028,0,1,30.45,304.82,0.19,1.0,-0.0874,-0.0163,dependency_failure
0,0,0.0031,0.0,0,0,56.8,177.15,0.96,0.0,0.0004,0.0539,unknown
0,0,0.3702,0.0687,13,0,31.19,247.23,1.07,0.57,0.0345,0.0275,data_quality
0,0,0.3641,0.2288,12,0,37.01,282.39,0.99,0.54,0.0037,-0.0276,data_quality
0,0,0.0008,0.0022,0,0,45.35,205.68,3.45,1.0,-0.4011,2.1397,timeout
0,0,0.0954,0.1755,10,0,39.03,281.65,1.07,0.93,0.016,-0.056,data_quality
0,0,0.0011,0.0,0,1,44.9,214.21,0.27,1.0,0.0015,-0.0202,dependency_failure
1,2,0.0,0.0,3,0,50.17,318.34,0.96,1.0,0.0195,0.0602,schema_change
0,0,0.1396,0.1136,7,0,31.73,314.35,1.02,0.84,0.0656,-0.0038,data_quality
0,0,0.0002,0.0002,0,0,11.14,270.26,3.18,1.0,-0.7825,3.8921,timeout
0,0,0.0,0.0006,0,0,36.71,264.8,4.25,1.0,-0.6279,2.688,timeout
1,1,0.0029,0.0003,2,0,30.84,256.14,1.02,1.0,0.0027,0.0048,schema_change
0,0,0.0,0.0,0,1,35.99,254.17,0.18,1.0,0.0498,-0.0148,dependency_failure
0,0,0.0034,0.0002,0,1,30.61,253.25,0.11,1.0,-0.0105,0.0305,dependency_failure
0,0,0.0021,0.002,0,0,42.31,269.22,2.57,1.0,-0.6809,3.3923,timeout
0,0,0.0648,0.1341,14,0,27.52,175.28,1.15,0.77,0.0521,0.0151,data_quality
1,1,0.0001,0.0,1,0,46.49,260.35,1.12,1.0,0.0109,-0.0242,schema_change
0,0,0.0013,0.0022,0,0,65.88,259.09,0.83,1.0,-0.0445,-0.0841,unknown
0,0,0.0023,0.0,0,0,23.21,275.46,3.28,1.0,-0.742,3.7392,timeout
0,0,0.0028,0.0,0,1,25.13,195.27,0.19,1.0,-0.037,-0.0445,dependency_failure
0,0,0.0,0.0038,0,0,29.8,291.23,4.22,1.0,-0.4576,2.9359,timeout
1,3,0.001,0.001,3,0,38.18,261.67,0.96,1.0,0.0546,0.0358,schema_change
0,0,0.0008,0.0,0,0,69.89,273.63,1.03,1.0,-0.0249,-0.0098,unknown
0,0,0.0,0.0006,0,0,44.88,253.89,2.7,1.0,-0.6025,3.7576,timeout
1,3,0.0015,0.0,4,0,36.26,293.28,1.1,1.0,0.0408,-0.0037,schema_change
0,0,0.0052,0.0,0,0,89.14,3366.22,0.91,1.0,-0.0355,2.1147,resource_constraint
0,0,0.0,0.0017,0,0,80.0,184.08,1.14,1.0,0.0235,0.0694,unknown
0,0,0.1132,0.238,5,0,32.02,192.34,0.95,0.61,0.0724,0.0664,data_quality
0,0,0.0,0.0,0,0,55.76,266.11,2.96,1.0,-0.5313,4.4642,timeout
0,0,0.2347,0.0795,6,0,36.57,214.85,1.11,0.53,0.0449,-0.0538,data_quality
0,0,0.0,0.0,0,0,85.61,3073.3,0.97,1.0,-0.1117,3.684,resource_constraint
0,0,0.0019,0.0007,0,0,85.81,3100.03,0.91,1.0,-0.0408,2.157,resource_constraint
0,0,0.0004,0.0007,0,0,51.01,248.74,1.01,0.0,-0.0468,-0.0163,unknown
0,0,0.0,0.0,0,1,32.89,258.64,0.22,1.0,0.023,-0.0126,dependency_failure
0,0,0.0011,0.0027,0,0,92.47,3150.08,1.14,1.0,-0.0262,2.6365,resource_constraint
1,1,0.0007,0.0032,2,0,46.59,235.61,0.87,1.0,-0.0207,0.013,schema_change
0,0,0.003,0.0003,0,0,37.52,219.13,0.98,1.0,0.0948,-0.0413,unknown
1,2,0.001,0.0028,2,0,27.74,310.77,1.05,1.0,0.0515,-0.0329,schema_change
0,0,0.1913,0.1761,13,0,40.63,241.22,1.0,0.71,-0.0196,0.0106,data_quality
0,0,0.2174,0.1966,14,0,31.82,202.64,0.96,0.81,0.0135,-0.0022,data_quality
0,0,0.0034,0.0013,0,0,40.01,276.67,3.72,1.0,-0.6663,4.7618,timeout
0,0,0.0019,0.0004,0,0,26.62,227.28,2.7,1.0,-0.4413,2.755,timeout
1,1,0.0029,0.0044,1,0,34.16,243.25,1.01,1.0,0.0581,-0.0464,schema_change
0,0,0.0027,0.0006,0,0,46.93,240.36,4.21,1.0,-0.6328,4.1334,timeout
0,0,0.0,0.0025,0,0,89.13,2368.57,1.17,1.0,0.056,2.5175,resource_constraint
0,0,0.0054,0.0043,0,0,49.29,232.74,0.99,0.0,0.0857,0.0105,unknown
0,0,0.0015,0.0,0,0,44.76,273.62,1.11,1.0,-0.0041,-0.0256,unknown
1,1,0.0019,0.001,2,0,53.21,184.83,1.01,1.0,0.0565,-0.0289,schema_change
0,0,0.0011,0.0,0,0,40.15,236.3,2.87,1.0,-0.7148,4.5482,timeout
0,0,0.0027,0.0,0,0,38.21,351.54,3.42,1.0,-0.6049,4.7995,timeout
0,0,0.0027,0.0033,0,0,35.31,316.43,2.82,1.0,-0.687,4.5006,timeout
1,3,0.0059,0.0,4,0,60.34,339.43,0.93,1.0,-0.1123,-0.0439,schema_change
0,0,0.0,0.0027,0,1,29.35,217.56,0.17,1.0,-0.0005,-0.0263,dependency_failure
0,0,0.1371,0.1558,9,0,26.38,224.37,0.96,0.54,-0.0003,0.0138,data_quality
1,1,0.0018,0.0038,1,0,40.2,189.88,1.11,1.0,-0.0499,-0.0192,schema_change
0,0,0.0,0.0,0,0,24.17,254.75,1.06,0.0,-0.0026,0.0169,unknown
0,0,0.0023,0.0037,0,0,91.51,3251.24,1.06,1.0,0.057,2.8588,resource_constraint
0,0,0.0038,0.0039,0,0,29.62,264.16,2.73,1.0,-0.6936,3.266,timeout
0,0,0.0024,0.0008,0,1,36.87,277.4,0.12,1.0,-0.0387,0.0363,dependency_failure
0,0,0.2832,0.2474,6,0,35.2,237.98,1.06,0.61,0.1383,0.005,data_quality
0,0,0.0025,0.001,0,1,19.85,262.38,0.25,1.0,-0.0179,-0.0099,dependency_failure
0,0,0.0012,0.0058,0,0,26.6,224.85,2.7,1.0,-0.4462,2.7174,timeout
0,0,0.0,0.0031,0,0,61.8,175.51,0.99,1.0,-0.0677,0.0295,unknown
0,0,0.3637,0.1777,12,0,24.0,227.77,1.03,0.93,-0.0864,-0.0009,data_quality
1,2,0.0016,0.0025,3,0,26.12,216.41,1.01,1.0,0.0056,-0.0812,schema_change
0,0,0.2944,0.0678,8,0,31.41,258.09,1.06,0.51,-0.033,0.0186,data_quality
0,0,0.0027,0.001,0,0,49.59,273.64,0.89,1.0,-0.0177,0.074,unknown
0,0,0.3021,0.2312,12,0,30.27,210.98,1.21,0.7,-0.0089,0.0247,data_quality
0,0,0.2932,0.1216,1,0,39.5,188.43,0.89,0.97,-0.0396,0.0271,data_quality
0,0,0.0,0.0,0,0,28.6,271.05,0.96,1.0,-0.0774,0.0446,unknown
0,0,0.0038,0.0,0,1,40.97,270.01,0.19,1.0,0.0019,-0.1067,dependency_failure
0,0,0.0049,0.0024,0,0,38.51,188.6,2.66,1.0,-0.6288,2.6986,timeout
0,0,0.0,0.0,0,0,37.47,258.39,2.6,1.0,-0.5974,2.0009,timeout
1,3,0.0,0.0011,3,0,26.5,268.94,0.91,1.0,0.0775,-0.0392,schema_change
0,0,0.0647,0.1357,13,0,23.28,223.26,0.9,0.79,-0.0877,0.0047,data_quality
0,0,0.0056,0.0014,0,0,99.17,3089.27,0.99,1.0,-0.0262,1.8317,resource_constraint
0,0,0.0,0.0005,0,0,57.33,238.84,1.01,0.0,-0.0213,0.0353,unknown
0,0,0.0039,0.0019,0,1,26.96,239.4,0.15,1.0,-0.0306,0.0456,dependency_failure
0,0,0.2772,0.0576,9,0,47.41,285.29,0.92,0.52,-0.0153,0.0073,data_quality
0,0,0.0014,0.0,0,0,36.32,232.2,2.1,1.0,-0.7834,2.5115,timeout
1,2,0.0,0.0018,2,0,26.27,217.32,1.15,1.0,0.0201,-0.0174,schema_change
0,0,0.177,0.2222,13,0,46.63,245.48,0.98,0.86,0.0334,0.0926,data_quality
0,0,0.0022,0.001,0,0,96.59,3122.22,1.12,1.0,0.0803,3.2409,resource_constraint
0,0,0.0024,0.0,0,0,58.96,255.73,1.15,1.0,-0.0061,0.0071,unknown
0,0,0.0,0.0013,0,0,91.47,3481.73,0.98,1.0,-0.0139,3.1493,resource_constraint
0,0,0.0015,0.0,0,1,38.97,300.6,0.27,1.0,-0.0015,-0.0117,dependency_failure
1,1,0.001,0.0,1,0,26.48,237.79,0.94,1.0,-0.0093,0.0028,schema_change
0,0,0.0,0.0,0,0,19.13,231.57,3.2,1.0,-0.6969,2.2471,timeout
0,0,0.2491,0.2228,8,0,51.27,267.7,0.89,0.97,-0.0081,-0.0288,data_quality
0,0,0.0012,0.0,0,0,85.0,3224.82,0.9,1.0,-0.0181,3.9777,resource_constraint
0,0,0.0019,0.0009,0,0,34.82,266.41,0.98,0.0,-0.0055,-0.0026,unknown
1,3,0.0052,0.0,4,0,35.73,174.59,0.97,1.0,-0.0803,0.039,schema_change
0,0,0.1362,0.0345,4,0,42.86,301.84,0.95,0.57,0.044,-0.0664,data_quality
0,0,0.0019,0.0011,0,0,91.21,3475.17,0.74,1.0,-0.1066,3.4619,resource_constraint
0,0,0.0003,0.0,0,0,90.49,3215.79,1.07,1.0,-0.141,3.9752,resource_constraint
1,2,0.0035,0.0026,2,0,25.81,282.75,1.15,1.0,-0.0561,-0.0459,schema_change
0,0,0.0041,0.0045,0,0,88.14,2768.35,1.03,1.0,0.039,2.6033,resource_constraint
0,0,0.0006,0.0004,0,0,89.28,3320.14,0.93,1.0,0.0388,3.8515,resource_constraint
0,0,0.003,0.0037,0,1,40.75,150.24,0.13,1.0,0.0293,-0.0258,dependency_failure
0,0,0.004,0.0028,0,0,85.0,3872.45,0.83,1.0,0.0615,1.9524,resource_constraint
0,0,0.0,0.0004,0,0,59.98,223.23,1.0,0.0,0.1273,-0.0489,unknown
0,0,0.0002,0.0,0,0,37.47,259.26,3.52,1.0,-0.597,3.3736,timeout
0,0,0.0,0.0045,0,1,37.25,260.77,0.15,1.0,-0.0212,0.0912,dependency_failure
0,0,0.002,0.0028,0,1,11.05,286.45,0.12,1.0,0.0548,0.1027,dependency_failure
0,0,0.0018,0.0005,0,1,33.01,274.17,0.2,1.0,0.0596,-0.0306,dependency_failure
0,0,0.0039,0.0036,0,0,25.75,250.64,2.79,1.0,-0.5806,4.1083,timeout
1,3,0.0005,0.0023,4,0,50.54,230.64,0.79,1.0,0.029,0.0695,schema_change
1,2,0.001,0.0004,3,0,32.46,303.26,1.08,1.0,0.0641,0.0058,schema_change
0,0,0.0025,0.0,0,0,41.67,247.24,2.94,1.0,-0.6682,3.0252,timeout
1,2,0.0,0.001,2,0,34.25,185.26,1.15,1.0,-0.0383,-0.038,schema_change
1,3,0.0007,0.0006,3,0,40.71,268.93,0.99,1.0,-0.0423,-0.0757,schema_change
0,0,0.0018,0.0023,0,1,42.14,328.34,0.12,1.0,0.0813,0.1236,dependency_failure
0,0,0.0022,0.0025,0,0,89.18,3431.4,0.85,1.0,0.0225,3.872,resource_constraint
0,0,0.001,0.0014,0,1,42.85,183.54,0.28,1.0,0.0365,0.077,dependency_failure
0,0,0.0,0.0009,0,0,57.74,266.02,1.0,1.0,-0.0463,-0.0549,unknown
0,0,0.0,0.0004,0,1,50.55,263.73,0.16,1.0,-0.0808,-0.0631,dependency_failure
1,3,0.0006,0.0004,3,0,33.05,254.43,1.25,1.0,-0.0169,-0.0153,schema_change
1,3,0.0005,0.0039,4,0,21.24,226.06,1.02,1.0,0.0901,0.0192,schema_change
0,0,0.2671,0.0877,14,0,32.7,296.02,0.97,0.54,-0.0159,0.0553,data_quality
0,0,0.0,0.0,0,0,85.0,2864.12,1.1,1.0,-0.0601,2.0892,resource_constraint
0,0,0.0024,0.0003,0,0,86.45,2872.56,1.27,1.0,-0.0611,3.6563,resource_constraint
0,0,0.0,0.0,0,0,26.73,261.25,3.26,1.0,-0.6602,2.6592,timeout
0,0,0.0016,0.0039,0,1,35.55,235.15,0.3,1.0,-0.0352,-0.0507,dependency_failure
0,0,0.1728,0.1943,1,0,16.98,263.44,0.97,0.79,0.0485,-0.0549,data_quality
0,0,0.0047,0.0011,0,1,25.82,222.75,0.11,1.0,0.0595,-0.0468,dependency_failure
1,1,0.0036,0.0014,1,0,51.6,222.43,1.17,1.0,0.0099,-0.0326,schema_change
0,0,0.0012,0.0038,0,0,38.58,260.12,1.02,1.0,0.1574,-0.0509,unknown
0,0,0.004,0.0016,0,0,40.21,322.43,2.98,1.0,-0.5232,3.888,timeout
0,0,0.1916,0.0718,3,0,42.73,248.73,1.2,0.63,-0.0138,-0.0267,data_quality
0,0,0.0,0.0011,0,0,88.68,2968.81,0.95,1.0,-0.0284,2.8106,resource_constraint
1,2,0.0,0.0019,3,0,41.76,323.61,0.93,1.0,-0.0472,-0.0547,schema_change
0,0,0.0013,0.0017,0,1,41.32,276.36,0.27,1.0,0.0799,0.0376,dependency_failure
1,2,0.0021,0.0022,3,0,25.97,211.08,0.81,1.0,0.023,-0.0675,schema_change
0,0,0.2518,0.0987,3,0,28.26,265.45,1.03,0.9,0.0173,-0.0031,data_quality
0,0,0.0051,0.0015,0,0,30.06,277.18,3.96,1.0,-0.6401,2.2808,timeout
1,2,0.0007,0.0042,3,0,32.15,343.33,1.2,1.0,-0.0452,-0.0354,schema_change
0,0,0.0027,0.0,0,0,47.75,239.01,0.92,1.0,0.0195,0.0248,unknown
0,0,0.0074,0.0,0,1,29.83,214.11,0.23,1.0,0.0788,0.0505,dependency_failure
0,0,0.0059,0.0,0,0,39.04,280.1,0.98,1.0,-0.0161,-0.0235,unknown
0,0,0.0707,0.0825,8,0,20.57,154.32,1.08,0.55,-0.0003,0.0589,data_quality
1,3,0.0,0.0025,3,0,37.39,302.07,1.16,1.0,0.0016,-0.0377,schema_change
0,0,0.3369,0.2097,13,0,35.41,273.07,0.87,0.89,0.0253,0.0551,data_quality
0,0,0.0018,0.0,0,0,96.47,3611.75,1.03,1.0,-0.0014,2.7372,resource_constraint
0,0,0.061,0.1871,9,0,32.16,254.37,1.13,0.92,0.0283,-0.112,data_quality
0,0,0.0,0.0,0,0,53.96,259.96,0.84,1.0,-0.0304,0.0911,unknown
1,2,0.0,0.0015,2,0,33.82,235.42,0.92,1.0,0.0455,0.0865,schema_change
0,0,0.0,0.0007,0,0,42.86,170.29,2.98,1.0,-0.4214,2.3531,timeout
0,0,0.0,0.0,0,0,71.9,247.49,1.06,0.0,-0.0011,-0.0267,unknown
0,0,0.0054,0.0,0,0,31.67,256.98,3.49,1.0,-0.7834,2.3004,timeout
0,0,0.0,0.0018,0,0,67.11,253.28,0.93,0.0,-0.0894,-0.0212,unknown
1,1,0.0,0.0029,2,0,49.51,223.7,0.96,1.0,-0.0082,0.0271,schema_change
0,0,0.0006,0.0031,0,1,38.59,217.38,0.22,1.0,0.0409,-0.0253,dependency_failure
0,0,0.0023,0.0055,0,1,30.81,335.95,0.28,1.0,-0.014,-0.0455,dependency_failure
0,0,0.3275,0.2283,2,0,41.81,255.83,0.94,0.99,-0.0325,0.0076,data_quality
0,0,0.0,0.0,0,0,36.33,296.73,0.83,1.0,0.0229,-0.0085,unknown
0,0,0.0,0.0002,0,0,50.82,264.19,0.95,0.0,-0.0137,-0.0224,unknown
0,0,0.3831,0.0935,2,0,18.19,215.9,1.01,0.93,0.0531,-0.0428,data_quality
0,0,0.0036,0.0016,0,0,48.14,246.83,3.53,1.0,-0.6699,4.2117,timeout
1,2,0.0012,0.0044,3,0,33.17,253.6,1.02,1.0,-0.0227,-0.0401,schema_change
0,0,0.0027,0.0021,0,0,77.66,286.51,1.09,0.0,-0.0243,0.0098,unknown
1,2,0.0005,0.0039,2,0,37.67,238.1,0.99,1.0,0.0512,-0.0092,schema_change
0,0,0.1966,0.1984,6,0,24.15,288.12,0.91,0.67,0.0112,-0.029,data_quality
0,0,0.0012,0.004,0,0,98.31,3477.78,0.92,1.0,-0.0799,2.6482,resource_constraint
0,0,0.0003,0.0,0,0,90.5,3756.17,0.86,1.0,0.0382,2.424,resource_constraint
0,0,0.2853,0.0956,1,0,33.8,199.44,1.05,0.64,-0.0975,-0.1025,data_quality
1,2,0.0,0.0,2,0,38.52,229.92,0.9,1.0,0.0354,0.0122,schema_change
0,0,0.1726,0.162,14,0,30.83,186.77,0.99,0.94,-0.0276,0.0842,data_quality
0,0,0.0015,0.0037,0,0,86.47,3530.48,1.28,1.0,-0.0896,1.8908,resource_constraint
1,1,0.0,0.0,2,0,43.06,222.61,1.08,1.0,-0.0985,0.0446,schema_change
0,0,0.0024,0.0,0,0,90.23,3756.4,0.97,1.0,0.0379,3.031,resource_constraint
0,0,0.3046,0.22,13,0,33.3,297.16,1.06,0.59,-0.1012,0.01,data_quality
0,0,0.0,0.0019,0,0,40.08,374.36,2.69,1.0,-0.6919,4.5287,timeout
0,0,0.1507,0.1895,4,0,32.28,259.26,1.08,0.54,-0.028,-0.1417,data_quality
0,0,0.0,0.0026,0,1,30.9,242.51,0.18,1.0,-0.033,0.0522,dependency_failure
0,0,0.0,0.0058,0,0,87.79,3612.01,1.08,1.0,0.0106,2.1028,resource_constraint
0,0,0.0001,0.0005,0,0,58.81,380.69,0.9,1.0,-0.0235,-0.0801,unknown
0,0,0.0,0.0016,0,0,41.43,190.89,3.11,1.0,-0.6895,3.4588,timeout
0,0,0.0,0.0039,0,0,86.95,3391.24,1.07,1.0,-0.0466,2.5461,resource_constraint
0,0,0.0,0.0,0,1,41.95,212.8,0.29,1.0,0.0792,0.0286,dependency_failure
0,0,0.2424,0.2173,13,0,42.79,220.13,1.19,0.74,-0.0718,-0.013,data_quality
0,0,0.002,0.002,0,0,31.6,252.63,2.1,1.0,-0.5402,2.6932,timeout
1,3,0.0,0.0007,3,0,47.27,255.51,0.93,1.0,-0.0602,0.0253,schema_change
0,0,0.0,0.0,0,0,96.17,2651.42,0.83,1.0,0.0234,1.7489,resource_constraint
0,0,0.0014,0.0,0,0,35.91,243.99,0.66,0.0,0.0165,-0.0538,unknown
1,2,0.0,0.0004,2,0,41.43,274.55,1.14,1.0,-0.0217,0.0102,schema_change
0,0,0.0861,0.2369,4,0,29.53,226.32,1.12,0.9,0.0383,-0.0574,data_quality
0,0,0.0,0.0007,0,0,50.64,198.62,1.02,1.0,0.0109,0.001,unknown
0,0,0.0021,0.0,0,0,33.08,242.09,3.22,1.0,-0.5909,3.7683,timeout
1,3,0.0021,0.0,4,0,33.26,205.03,1.07,1.0,0.0816,-0.013,schema_change
1,3,0.0027,0.0,3,0,35.87,205.25,0.9,1.0,-0.0015,-0.098,schema_change
0,0,0.0845,0.0468,9,0,32.76,211.42,1.05,0.63,-0.0364,0.1083,data_quality
0,0,0.0028,0.0,0,1,41.69,303.17,0.14,1.0,-0.0037,0.0484,dependency_failure
1,2,0.0009,0.0015,2,0,33.07,264.08,0.87,1.0,0.0722,-0.0041,schema_change
1,3,0.0044,0.0029,4,0,31.21,241.28,0.89,1.0,0.071,-0.0267,schema_change
0,0,0.0005,0.0,0,0,24.45,246.52,3.57,1.0,-0.7928,2.517,timeout
0,0,0.0,0.0041,0,0,37.51,231.86,3.69,1.0,-0.4236,2.7625,timeout
0,0,0.114,0.104,10,0,27.44,170.52,0.94,0.72,-0.0696,-0.0302,data_quality
0,0,0.0031,0.0002,0,1,46.11,276.0,0.12,1.0,-0.046,0.0904,dependency_failure
0,0,0.0007,0.0051,0,0,95.3,2915.73,1.05,1.0,-0.1003,3.3791,resource_constraint
0,0,0.0006,0.0,0,0,91.31,3023.09,1.25,1.0,0.0682,1.8469,resource_constraint
0,0,0.0014,0.0011,0,0,33.23,196.17,3.96,1.0,-0.615,4.3195,timeout
0,0,0.0626,0.1714,11,0,27.5,223.99,1.06,0.64,-0.0025,-0.0415,data_quality
1,1,0.0,0.0,2,0,38.22,250.41,1.02,1.0,0.0808,-0.0549,schema_change
0,0,0.0,0.0027,0,0,40.02,240.38,2.57,1.0,-0.7077,4.6603,timeout
0,0,0.0,0.0036,0,1,36.93,223.64,0.12,1.0,0.0189,0.0732,dependency_failure
1,3,0.0,0.0,3,0,34.75,213.61,0.91,1.0,-0.0334,0.0146,schema_change
0,0,0.0,0.0009,0,0,31.54,296.32,2.95,1.0,-0.516,4.3003,timeout
0,0,0.0025,0.0,0,0,56.34,240.8,0.95,0.0,-0.0252,-0.0307,unknown
0,0,0.0,0.0,0,1,23.65,233.33,0.25,1.0,0.0838,-0.0091,dependency_failure
0,0,0.0,0.0,0,0,46.79,290.56,1.04,0.0,0.0138,0.0084,unknown
0,0,0.3328,0.0938,3,0,30.16,295.54,1.0,0.78,-0.0106,0.0752,data_quality
0,0,0.0033,0.0,0,0,28.4,208.36,3.15,1.0,-0.6263,3.1909,timeout
0,0,0.1142,0.1944,14,0,28.91,240.86,0.98,0.51,-0.0539,-0.0321,data_quality
0,0,0.0019,0.0047,0,0,86.26,3085.13,1.16,1.0,0.0105,1.7157,resource_constraint
0,0,0.0032,0.0008,0,0,37.12,221.85,4.8,1.0,-0.6767,3.1453,timeout
0,0,0.0,0.0021,0,0,91.94,2854.76,0.95,1.0,0.0045,2.5927,resource_constraint
0,0,0.0,0.0,0,0,32.09,232.63,3.67,1.0,-0.7105,2.3846,timeout
1,2,0.0,0.0016,3,0,30.97,246.74,1.03,1.0,-0.0244,-0.0338,schema_change
0,0,0.0,0.0046,0,0,77.31,198.28,0.95,1.0,-0.0398,-0.0104,unknown
0,0,0.1027,0.2159,12,0,28.82,250.02,1.02,1.0,-0.0399,0.0314,data_quality
0,0,0.0015,0.0,0,0,34.85,205.04,2.73,1.0,-0.653,3.7934,timeout
1,2,0.0,0.0014,3,0,32.53,255.34,0.98,1.0,0.0354,0.0478,schema_change
0,0,0.3876,0.0369,1,0,31.26,229.03,0.9,0.53,0.0375,0.0011,data_quality
0,0,0.0019,0.0006,0,0,89.17,3576.35,0.98,1.0,-0.0316,1.779,resource_constraint
0,0,0.3776,0.1746,14,0,22.05,300.76,1.04,0.74,-0.1246,-0.0491,data_quality
0,0,0.0,0.0,0,0,43.5,304.45,4.44,1.0,-0.5565,4.7383,timeout
0,0,0.0,0.0021,0,0,93.85,3059.05,0.99,1.0,-0.0219,3.0376,resource_constraint
0,0,0.0,0.0003,0,0,92.02,3338.98,1.06,1.0,0.0693,1.6108,resource_constraint
0,0,0.0004,0.0,0,0,92.28,2852.02,1.05,1.0,-0.0043,3.2411,resource_constraint
1,2,0.0,0.0001,2,0,47.66,234.48,0.93,1.0,0.0698,-0.0655,schema_change
0,0,0.0016,0.0,0,0,57.28,320.6,1.07,0.0,-0.0685,-0.0637,unknown
0,0,0.0032,0.0002,0,0,41.63,276.74,3.43,1.0,-0.5097,3.538,timeout
0,0,0.0007,0.0,0,0,64.36,188.31,0.97,0.0,0.0711,-0.0224,unknown
0,0,0.0032,0.0,0,0,92.18,3082.49,1.01,1.0,-0.0056,3.2356,resource_constraint
1,1,0.0,0.004,1,0,45.64,303.08,1.02,1.0,0.0457,-0.057,schema_change
0,0,0.0045,0.0,0,0,19.26,199.48,2.93,1.0,-0.6507,3.0916,timeout
0,0,0.1073,0.1501,1,0,36.77,233.53,1.1,0.75,-0.0344,-0.0363,data_quality
0,0,0.0008,0.0024,0,0,94.35,3184.39,1.1,1.0,-0.0442,1.9663,resource_constraint
0,0,0.0,0.0017,0,0,90.92,3173.48,0.96,1.0,0.0555,2.1857,resource_constraint
0,0,0.3182,0.1713,1,0,34.84,276.39,1.08,0.91,0.0227,-0.0656,data_quality
0,0,0.0,0.002,0,1,34.6,240.43,0.17,1.0,-0.0142,-0.0024,dependency_failure
1,2,0.0048,0.0014,2,0,46.14,168.04,1.08,1.0,-0.0358,-0.0366,schema_change
0,0,0.387,0.0604,7,0,30.86,258.71,1.05,0.59,-0.0873,-0.0269,data_quality
0,0,0.0016,0.0,0,0,95.34,2964.67,1.03,1.0,0.0105,1.524,resource_constraint
0,0,0.0,0.0012,0,0,60.36,282.89,1.0,1.0,0.0875,-0.0247,unknown
1,2,0.0,0.0,3,0,24.18,189.11,1.11,1.0,-0.0315,0.0767,schema_change
0,0,0.0,0.0012,0,0,89.47,2842.72,1.0,1.0,0.0625,1.5514,resource_constraint
1,3,0.0012,0.0026,4,0,42.44,251.59,1.0,1.0,0.0134,0.0367,schema_change
0,0,0.0923,0.0381,13,0,27.22,251.45,1.02,0.76,0.0966,-0.0328,data_quality
0,0,0.3133,0.1933,8,0,37.54,329.2,0.98,0.86,0.0084,0.0474,data_quality
0,0,0.3994,0.1445,14,0,33.99,211.38,0.97,0.64,-0.0494,0.0032,data_quality
0,0,0.0,0.0043,0,0,55.25,237.14,1.05,0.0,-0.0655,-0.0953,unknown
0,0,0.0002,0.0,0,0,76.24,240.41,1.04,0.0,0.0392,0.0064,unknown
0,0,0.0,0.0026,0,0,78.22,295.68,1.15,0.0,0.0743,-0.0488,unknown
1,2,0.0016,0.0,2,0,37.19,249.46,1.05,1.0,-0.0212,-0.047,schema_change
0,0,0.0007,0.0042,0,0,58.46,296.99,1.09,0.0,-0.0021,0.0481,unknown
0,0,0.0,0.0,0,1,30.29,264.47,0.11,1.0,-0.0846,0.005,dependency_failure
0,0,0.0,0.0006,0,0,89.91,2827.43,0.92,1.0,0.075,1.5201,resource_constraint
0,0,0.0,0.0,0,0,92.87,3320.62,1.01,1.0,0.0197,1.6865,resource_constraint
0,0,0.1434,0.0475,6,0,32.67,247.61,1.05,0.62,0.0145,-0.0998,data_quality
0,0,0.0042,0.0045,0,0,35.79,285.86,3.7,1.0,-0.6763,4.5775,timeout
0,0,0.0006,0.0,0,1,41.68,278.73,0.12,1.0,-0.0287,-0.0843,dependency_failure
0,0,0.0017,0.0027,0,0,87.74,3133.98,1.04,1.0,-0.0201,2.5395,resource_constraint
0,0,0.0039,0.0,0,1,25.98,233.26,0.13,1.0,0.0216,-0.0701,dependency_failure
0,0,0.0,0.0,0,0,92.36,3440.1,0.95,1.0,-0.0198,2.7223,resource_constraint
0,0,0.0014,0.0023,0,1,27.35,232.71,0.11,1.0,-0.0432,0.0282,dependency_failure
0,0,0.0011,0.0,0,0,53.7,269.46,1.09,0.0,0.0095,0.0575,unknown
0,0,0.0,0.0005,0,1,39.8,254.47,0.24,1.0,-0.0017,-0.0121,dependency_failure
0,0,0.0042,0.0031,0,0,58.76,256.17,0.9,1.0,0.0975,0.0617,unknown
1,2,0.0013,0.0,2,0,28.47,246.92,1.03,1.0,0.0138,0.0414,schema_change
0,0,0.0,0.0033,0,1,26.73,283.45,0.18,1.0,-0.0893,0.0273,dependency_failure
0,0,0.0008,0.0005,0,0,31.95,238.97,4.4,1.0,-0.7882,4.7266,timeout
0,0,0.0024,0.0006,0,1,38.7,270.83,0.22,1.0,-0.0507,0.0524,dependency_failure
0,0,0.0007,0.0033,0,0,74.85,229.52,0.97,1.0,-0.0175,0.0174,unknown
0,0,0.0,0.0002,0,0,85.0,2785.37,0.95,1.0,-0.0047,2.7399,resource_constraint
0,0,0.0022,0.0,0,0,50.81,212.53,1.01,0.0,-0.0374,-0.0269,unknown
0,0,0.0003,0.0045,0,0,51.86,204.34,3.18,1.0,-0.6174,4.7611,timeout
0,0,0.0,0.0,0,0,60.99,241.81,1.13,0.0,-0.0602,-0.0047,unknown
1,3,0.0012,0.001,3,0,13.39,268.62,1.13,1.0,0.0198,-0.0657,schema_change
1,1,0.0016,0.0014,1,0,56.54,263.99,0.9,1.0,-0.0048,-0.0888,schema_change
0,0,0.248,0.2309,1,0,32.7,255.21,1.03,0.9,0.0264,-0.1451,data_quality
1,2,0.0025,0.0004,3,0,37.09,261.89,0.72,1.0,0.0291,0.0983,schema_change
1,1,0.0011,0.0,1,0,26.81,208.8,0.93,1.0,0.0609,0.041,schema_change
0,0,0.0022,0.0031,0,0,34.07,235.76,3.09,1.0,-0.5272,3.009,timeout
0,0,0.0016,0.0018,0,1,35.63,251.89,0.27,1.0,-0.0968,0.0508,dependency_failure
0,0,0.0,0.0,0,0,95.21,2912.94,0.98,1.0,-0.0058,3.0558,resource_constraint
0,0,0.0019,0.0,0,0,53.01,252.76,0.97,0.0,0.0239,0.0022,unknown
0,0,0.0029,0.0,0,0,91.64,3339.93,1.11,1.0,-0.0123,2.3683,resource_constraint
0,0,0.0026,0.0015,0,0,65.86,206.37,0.92,0.0,0.0448,0.0419,unknown
0,0,0.2243,0.0913,2,0,25.12,251.68,0.99,0.91,-0.0323,0.0046,data_quality
0,0,0.0007,0.0029,0,0,95.47,3730.61,0.89,1.0,-0.0507,2.0632,resource_constraint
0,0,0.0015,0.004,0,0,94.25,3639.62,0.85,1.0,-0.0817,2.4323,resource_constraint
0,0,0.0044,0.0,0,0,91.65,3034.98,0.85,1.0,0.0512,1.8055,resource_constraint
0,0,0.0023,0.0007,0,1,27.11,262.67,0.29,1.0,-0.0413,0.0295,dependency_failure
1,3,0.0004,0.001,3,0,33.12,193.39,0.96,1.0,-0.0171,-0.0401,schema_change
0,0,0.0025,0.0021,0,0,89.95,3223.97,1.17,1.0,-0.0756,2.777,resource_constraint
0,0,0.094,0.0866,2,0,28.95,264.07,1.0,0.62,-0.0384,-0.0358,data_quality
0,0,0.0914,0.02,14,0,9.5,277.31,0.97,0.86,-0.0674,0.0461,data_quality
0,0,0.0,0.0018,0,0,94.62,3100.01,1.01,1.0,0.0109,3.4129,resource_constraint
1,1,0.0,0.0026,1,0,39.37,304.38,0.98,1.0,0.0935,-0.0993,schema_change
0,0,0.0,0.0029,0,0,35.62,228.83,2.78,1.0,-0.788,3.5156,timeout
0,0,0.2944,0.087,6,0,33.18,278.62,0.86,0.67,-0.076,0.0225,data_quality
0,0,0.0007,0.0035,0,0,91.16,2471.53,1.23,1.0,0.0028,3.0051,resource_constraint
0,0,0.0016,0.0002,0,0,91.59,3367.0,0.97,1.0,-0.0064,3.4722,resource_constraint
0,0,0.0,0.0014,0,0,86.54,3841.02,0.86,1.0,-0.113,2.0569,resource_constraint
1,2,0.0,0.0024,2,0,38.28,256.75,0.99,1.0,-0.0146,0.0456,schema_change
0,0,0.0,0.0,0,1,34.81,346.63,0.28,1.0,0.0137,-0.0168,dependency_failure
0,0,0.0012,0.0001,0,0,99.63,3119.72,1.01,1.0,0.0105,2.3563,resource_constraint
0,0,0.1938,0.0701,7,0,34.54,179.86,0.97,0.98,0.0157,-0.0138,data_quality
0,0,0.0,0.0,0,0,48.24,288.7,0.96,1.0,-0.025,-0.0349,unknown
0,0,0.0,0.001,0,0,32.33,282.46,3.85,1.0,-0.6373,2.6832,timeout
1,3,0.0,0.0032,3,0,24.05,311.92,0.92,1.0,0.0096,-0.0074,schema_change
0,0,0.0015,0.002,0,0,57.14,286.8,0.92,0.0,-0.0058,-0.0262,unknown
0,0,0.2523,0.2403,2,0,36.62,259.61,0.93,0.75,-0.0313,-0.0491,data_quality
0,0,0.0057,0.0026,0,1,17.37,207.07,0.18,1.0,-0.0299,0.0105,dependency_failure
0,0,0.0029,0.0,0,0,39.89,142.89,2.54,1.0,-0.7755,3.9434,timeout
0,0,0.0017,0.0001,0,0,75.93,298.15,1.16,1.0,-0.0273,0.0409,unknown
0,0,0.0042,0.0037,0,0,92.38,3297.48,0.93,1.0,0.0626,3.4553,resource_constraint
1,2,0.0023,0.0015,2,0,33.65,296.59,0.98,1.0,-0.0385,0.0606,schema_change
1,3,0.0004,0.0026,3,0,16.09,207.79,0.77,1.0,-0.0533,-0.0384,schema_change
1,1,0.0053,0.0,2,0,23.44,307.21,1.01,1.0,-0.025,0.0311,schema_change
0,0,0.1853,0.0318,13,0,30.93,162.94,1.07,0.7,0.0216,-0.0318,data_quality
1,2,0.0,0.0001,3,0,46.63,313.18,0.95,1.0,-0.021,-0.0141,schema_change
0,0,0.0,0.0,0,0,42.77,266.78,4.11,1.0,-0.7083,2.199,timeout
1,1,0.0032,0.0017,2,0,38.65,272.79,1.04,1.0,0.0321,0.0665,schema_change
0,0,0.0,0.0016,0,0,90.67,3442.49,0.94,1.0,-0.0673,2.4687,resource_constraint
0,0,0.0001,0.0026,0,0,94.55,3196.78,1.03,1.0,0.0723,1.9767,resource_constraint
0,0,0.0008,0.0,0,1,29.61,375.26,0.17,1.0,0.0526,-0.0176,dependency_failure
0,0,0.0,0.0016,0,0,27.58,272.55,3.56,1.0,-0.4036,4.4167,timeout
1,2,0.0014,0.0021,3,0,35.38,298.36,0.86,1.0,0.0088,0.0204,schema_change
0,0,0.0,0.0,0,1,35.31,207.27,0.11,1.0,0.0616,0.0145,dependency_failure
0,0,0.0043,0.0,0,0,90.54,2855.66,1.03,1.0,-0.0405,3.4167,resource_constraint
0,0,0.0011,0.0,0,0,66.2,273.85,0.82,1.0,-0.0114,0.0506,unknown
0,0,0.0011,0.0031,0,1,36.62,220.94,0.21,1.0,0.0305,-0.0542,dependency_failure
0,0,0.0027,0.0028,0,1,38.4,233.16,0.15,1.0,-0.008,0.0484,dependency_failure
0,0,0.0,0.0,0,0,90.96,2674.52,0.88,1.0,-0.0046,3.2523,resource_constraint
0,0,0.0004,0.0038,0,0,88.74,2958.6,1.0,1.0,0.0077,3.8924,resource_constraint
0,0,0.3118,0.0679,9,0,37.29,236.97,1.07,0.6,0.0065,-0.0993,data_quality
0,0,0.0022,0.0004,0,1,30.46,255.14,0.11,1.0,0.0127,-0.026,dependency_failure
0,0,0.0022,0.0015,0,0,63.53,221.78,0.89,1.0,0.0683,0.0413,unknown
0,0,0.0,0.0,0,1,42.02,216.66,0.13,1.0,-0.0219,-0.0145,dependency_failure
0,0,0.0,0.0,0,0,50.52,209.86,1.17,0.0,0.0108,0.0486,unknown
0,0,0.1863,0.1885,8,0,38.75,249.19,1.0,0.84,-0.0473,-0.0034,data_quality
1,2,0.0003,0.0007,2,0,39.22,283.33,0.87,1.0,-0.0181,-0.0035,schema_change
0,0,0.0029,0.0,0,0,50.38,233.47,1.12,1.0,-0.1064,0.0042,unknown
0,0,0.0,0.004,0,0,42.74,178.71,1.09,1.0,-0.0125,0.0146,unknown
0,0,0.0018,0.0018,0,0,25.38,182.65,3.77,1.0,-0.7876,3.7807,timeout
0,0,0.001,0.002,0,0,71.84,259.61,0.97,1.0,-0.0038,-0.0559,unknown
0,0,0.0,0.0033,0,0,30.75,265.33,2.27,1.0,-0.7157,4.8513,timeout
0,0,0.0023,0.0001,0,0,73.4,198.1,1.17,0.0,0.0237,-0.0806,unknown
0,0,0.2191,0.0345,14,0,41.65,258.38,0.9,0.81,-0.0003,0.0392,data_quality
0,0,0.0006,0.0017,0,0,92.98,3354.19,0.87,1.0,0.0288,2.3483,resource_constraint
0,0,0.0041,0.0004,0,0,34.3,314.1,0.99,1.0,0.013,0.0302,unknown
0,0,0.1212,0.2395,3,0,43.14,280.81,1.06,0.96,0.0406,-0.0081,data_quality
0,0,0.0,0.0,0,0,69.37,236.55,0.98,0.0,0.0724,0.0337,unknown
0,0,0.0006,0.0,0,0,41.37,253.12,0.85,1.0,-0.0337,0.0726,unknown
0,0,0.0011,0.0048,0,0,99.9,3118.51,1.07,1.0,0.0124,1.9161,resource_constraint
0,0,0.0,0.0026,0,1,35.27,278.2,0.16,1.0,0.0066,-0.1117,dependency_failure
1,2,0.0019,0.0019,3,0,40.15,277.36,0.99,1.0,0.0334,-0.0095,schema_change
1,1,0.0016,0.0,2,0,35.64,310.95,0.75,1.0,-0.0405,-0.0452,schema_change
0,0,0.0022,0.0046,0,1,38.2,271.75,0.19,1.0,0.0314,-0.0695,dependency_failure
0,0,0.0,0.0006,0,0,46.93,225.86,3.38,1.0,-0.5369,4.4406,timeout
0,0,0.0,0.0,0,0,26.93,351.07,4.28,1.0,-0.5472,4.5427,timeout
0,0,0.0,0.0008,0,0,92.06,3258.37,0.85,1.0,-0.0752,1.9803,resource_constraint
0,0,0.0,0.0024,0,0,38.86,330.46,3.42,1.0,-0.5558,3.8,timeout
0,0,0.3906,0.0663,4,0,44.17,246.08,0.9,0.5,-0.0302,-0.0196,data_quality
0,0,0.0045,0.0,0,0,98.81,2870.98,1.22,1.0,-0.0079,2.8175,resource_constraint
0,0,0.0014,0.0009,0,0,94.68,3089.26,0.95,1.0,0.0093,2.2077,resource_constraint
0,0,0.0004,0.0048,0,0,35.74,194.76,2.1,1.0,-0.5064,4.6598,timeout
0,0,0.2842,0.0365,11,0,31.85,265.3,0.87,0.87,-0.0199,-0.0021,data_quality
1,2,0.0026,0.0017,2,0,28.3,230.1,0.93,1.0,0.0043,0.0319,schema_change
0,0,0.0015,0.0,0,1,31.74,294.36,0.17,1.0,0.0205,-0.0085,dependency_failure
0,0,0.0002,0.0,0,0,38.41,339.74,1.02,1.0,-0.0109,-0.1412,unknown
0,0,0.3367,0.1434,9,0,34.98,251.39,1.2,0.93,-0.0044,0.0794,data_quality
1,3,0.0002,0.001,3,0,31.26,206.94,1.02,1.0,0.0322,0.0153,schema_change
0,0,0.2083,0.1887,6,0,27.52,242.88,0.91,0.92,-0.0209,0.0172,data_quality
0,0,0.0,0.0011,0,0,67.54,274.78,1.07,1.0,0.0753,0.0424,unknown
0,0,0.0,0.0,0,1,42.02,239.99,0.22,1.0,0.0039,0.0888,dependency_failure
1,3,0.0,0.0,4,0,26.45,172.54,0.95,1.0,0.0357,0.0087,schema_change
0,0,0.087,0.1364,5,0,34.21,233.52,0.82,0.91,-0.0062,-0.0505,data_quality
0,0,0.0,0.0033,0,1,32.22,316.63,0.25,1.0,-0.0212,0.0243,dependency_failure
0,0,0.2042,0.2171,8,0,41.49,305.15,0.98,0.84,-0.0556,0.0578,data_quality
0,0,0.163,0.0794,4,0,35.22,248.11,0.84,0.73,-0.047,-0.028,data_quality
1,2,0.002,0.0019,3,0,35.61,279.71,1.05,1.0,-0.0619,0.0435,schema_change
0,0,0.0,0.0,0,0,39.43,268.7,3.2,1.0,-0.5986,3.3754,timeout
0,0,0.0007,0.0006,0,0,42.62,287.74,1.18,1.0,-0.042,-0.0196,unknown
0,0,0.0,0.0034,0,1,31.13,313.95,0.24,1.0,0.0705,0.0017,dependency_failure
1,2,0.0005,0.0012,2,0,37.82,274.64,0.95,1.0,-0.064,-0.0651,schema_change
0,0,0.0033,0.0,0,1,20.0,226.39,0.27,1.0,0.0319,0.0335,dependency_failure
0,0,0.0021,0.0027,0,1,55.56,225.07,0.24,1.0,0.0039,0.0349,dependency_failure
1,3,0.0033,0.0,3,0,36.61,264.5,1.14,1.0,0.0594,0.0268,schema_change
0,0,0.0,0.0,0,0,42.27,285.6,2.91,1.0,-0.4831,3.0515,timeout
0,0,0.0632,0.0483,1,0,29.62,254.7,1.05,0.99,-0.0492,0.0284,data_quality
0,0,0.0,0.0014,0,0,98.12,2814.65,0.98,1.0,-0.002,1.6842,resource_constraint
1,2,0.001,0.0018,3,0,27.69,238.71,1.09,1.0,0.0382,0.0387,schema_change
0,0,0.0011,0.0042,0,1,38.88,310.98,0.2,1.0,0.0363,-0.1067,dependency_failure
0,0,0.0,0.0003,0,0,33.6,210.61,3.09,1.0,-0.4434,2.4002,timeout
0,0,0.002,0.0016,0,0,54.06,206.14,0.91,0.0,0.0906,0.0493,unknown
1,1,0.0021,0.0,2,0,40.55,313.84,1.02,1.0,0.0451,-0.1037,schema_change
0,0,0.2925,0.1886,14,0,36.43,267.4,1.2,1.0,0.0622,0.0015,data_quality
0,0,0.001,0.0,0,0,40.76,203.63,3.31,1.0,-0.5152,4.2671,timeout
0,0,0.0012,0.0,0,0,37.19,309.61,0.99,1.0,0.0065,0.1009,unknown
0,0,0.0043,0.0006,0,0,42.59,309.05,0.98,1.0,-0.0397,0.0567,unknown
0,0,0.123,0.173,10,0,46.03,243.29,0.84,0.54,-0.0568,0.0088,data_quality
0,0,0.0006,0.0,0,0,87.59,3429.97,1.14,1.0,-0.047,1.9069,resource_constraint
1,3,0.0015,0.0026,3,0,25.1,197.18,1.05,1.0,0.0148,0.0125,schema_change
0,0,0.0001,0.0003,0,0,85.0,2860.24,0.74,1.0,0.0227,3.6244,resource_constraint
0,0,0.0047,0.0036,0,1,27.76,231.73,0.11,1.0,0.0017,-0.0071,dependency_failure
1,3,0.0011,0.0003,3,0,36.36,211.49,0.98,1.0,0.0305,0.0078,schema_change
0,0,0.1586,0.1953,12,0,39.04,234.37,0.98,0.97,0.0656,-0.0755,data_quality
0,0,0.0004,0.001,0,0,27.49,251.59,3.74,1.0,-0.6752,3.4979,timeout
0,0,0.004,0.0012,0,1,37.31,296.61,0.22,1.0,-0.0064,0.0372,dependency_failure
1,2,0.0012,0.0019,2,0,22.76,291.55,0.93,1.0,-0.0453,-0.036,schema_change
0,0,0.0009,0.0017,0,0,66.62,220.15,0.99,0.0,-0.0057,-0.0849,unknown
0,0,0.0,0.0034,0,1,42.01,199.42,0.16,1.0,-0.0358,0.0479,dependency_failure
0,0,0.0039,0.0057,0,0,40.85,229.45,2.33,1.0,-0.4243,4.3389,timeout
0,0,0.0004,0.0003,0,0,65.44,278.36,1.01,1.0,0.0147,-0.051,unknown
1,2,0.0,0.0009,2,0,39.3,252.07,0.98,1.0,-0.0325,-0.0331,schema_change
0,0,0.0013,0.0019,0,0,20.0,153.03,0.86,1.0,-0.024,0.0288,unknown
0,0,0.0039,0.0,0,0,65.87,305.85,1.07,1.0,0.0245,0.007,unknown
0,0,0.0007,0.0005,0,0,88.69,3258.39,1.03,1.0,-0.0155,2.0057,resource_constraint
0,0,0.0017,0.001,0,0,46.43,267.55,0.89,1.0,0.045,0.0221,unknown
0,0,0.0004,0.0,0,1,33.47,171.41,0.15,1.0,-0.0701,0.0566,dependency_failure
0,0,0.2201,0.0922,10,0,44.0,229.5,1.07,0.57,0.0695,0.0894,data_quality
0,0,0.3944,0.2032,12,0,24.31,233.53,1.01,0.88,-0.0227,-0.0109,data_quality
0,0,0.0,0.0033,0,0,92.19,2955.76,1.16,1.0,0.0914,2.1246,resource_constraint
0,0,0.0,0.0037,0,0,79.21,220.84,0.92,1.0,0.0311,0.0864,unknown
0,0,0.0002,0.0,0,0,51.29,238.74,0.85,1.0,-0.0034,0.0047,unknown
0,0,0.3839,0.048,12,0,33.08,286.64,0.96,0.51,0.0324,0.0569,data_quality
1,3,0.0038,0.003,3,0,21.94,261.24,0.89,1.0,-0.0256,0.0085,schema_change
0,0,0.0,0.0002,0,0,33.92,247.22,1.21,1.0,-0.0334,-0.0253,unknown
1,1,0.0007,0.0,2,0,32.05,256.29,0.99,1.0,0.0416,-0.016,schema_change
0,0,0.0022,0.004,0,1,5.0,248.58,0.15,1.0,0.0036,0.0856,dependency_failure
0,0,0.0849,0.0827,4,0,38.28,232.95,1.01,0.92,0.0424,-0.0055,data_quality
0,0,0.0025,0.0023,0,0,51.56,291.2,1.06,0.0,-0.0481,0.0204,unknown
1,1,0.0017,0.0049,1,0,34.79,229.45,0.89,1.0,-0.0156,0.008,schema_change
1,1,0.0018,0.0006,1,0,28.77,242.23,0.91,1.0,0.0134,0.0052,schema_change
0,0,0.0,0.0,0,0,94.53,3175.94,0.95,1.0,0.1053,1.8366,resource_constraint
0,0,0.2767,0.1838,6,0,47.73,237.96,1.15,0.59,0.109,-0.0206,data_quality
0,0,0.0037,0.0015,0,0,60.65,271.94,0.9,1.0,-0.0064,-0.1229,unknown
0,0,0.3413,0.0832,8,0,41.81,298.95,1.03,0.87,-0.0296,0.0488,data_quality
0,0,0.0,0.0,0,0,65.12,225.12,1.08,1.0,0.0134,-0.0246,unknown
0,0,0.0012,0.0,0,0,30.5,277.2,3.91,1.0,-0.4466,4.7694,timeout
1,3,0.0007,0.0025,4,0,46.67,216.74,1.07,1.0,-0.0013,0.1053,schema_change
1,1,0.0002,0.0,1,0,38.39,332.5,0.89,1.0,0.0012,0.0706,schema_change
0,0,0.0,0.0008,0,1,40.18,209.45,0.13,1.0,-0.0462,-0.0241,dependency_failure
0,0,0.0,0.0,0,0,41.76,208.89,1.05,0.0,0.0743,0.0079,unknown
0,0,0.0049,0.0026,0,0,37.59,201.05,1.02,1.0,0.0261,0.0135,unknown
0,0,0.0051,0.0016,0,0,31.88,266.62,2.79,1.0,-0.5619,2.2128,timeout
0,0,0.0023,0.0026,0,1,29.85,248.65,0.19,1.0,0.085,0.0534,dependency_failure
0,0,0.0012,0.0035,0,0,45.6,255.61,0.99,0.0,-0.036,-0.0573,unknown
0,0,0.2578,0.1976,10,0,33.21,208.21,1.18,0.91,0.0841,-0.0442,data_quality
0,0,0.0037,0.0,0,0,28.42,238.64,3.53,1.0,-0.6065,2.6488,timeout
0,0,0.0029,0.0023,0,0,32.81,257.79,3.65,1.0,-0.6842,2.3332,timeout
0,0,0.0,0.0,0,1,39.52,292.47,0.24,1.0,0.0705,0.0232,dependency_failure
0,0,0.0033,0.0005,0,0,26.86,234.86,0.86,0.0,-0.069,0.0231,unknown
0,0,0.1677,0.2317,6,0,41.89,290.36,0.9,0.51,0.0077,0.0071,data_quality
0,0,0.0027,0.0002,0,0,92.25,3011.45,1.1,1.0,0.0364,2.7877,resource_constraint
1,2,0.0008,0.0,3,0,45.54,216.53,1.16,1.0,0.0525,-0.0159,schema_change
0,0,0.0021,0.0,0,1,31.69,189.29,0.25,1.0,-0.0263,0.0156,dependency_failure
1,2,0.0015,0.0015,2,0,40.14,276.13,1.27,1.0,-0.0905,-0.0344,schema_change
0,0,0.0011,0.0024,0,1,39.1,228.59,0.21,1.0,-0.059,0.0232,dependency_failure
0,0,0.0691,0.2124,1,0,33.09,327.24,1.09,0.76,-0.0189,-0.0935,data_quality
0,0,0.157,0.1126,5,0,15.74,218.17,0.98,0.84,-0.0981,-0.0197,data_quality
0,0,0.0034,0.0009,0,1,35.71,234.85,0.11,1.0,-0.0183,0.0821,dependency_failure
0,0,0.002,0.0,0,0,63.02,232.76,0.95,0.0,-0.0489,0.027,unknown
0,0,0.2112,0.0858,6,0,29.31,215.69,0.98,0.62,-0.0115,-0.0501,data_quality
0,0,0.0003,0.0051,0,0,31.56,298.11,2.77,1.0,-0.5606,2.2257,timeout
0,0,0.0022,0.0012,0,0,37.18,265.7,3.44,1.0,-0.6244,3.8168,timeout
0,0,0.0012,0.0008,0,0,26.65,272.09,0.94,0.0,-0.0412,0.0037,unknown
0,0,0.0022,0.0003,0,0,99.45,3621.23,1.06,1.0,0.0562,3.1003,resource_constraint
0,0,0.2142,0.1046,4,0,33.36,243.46,0.9,0.55,0.1048,0.0266,data_quality
0,0,0.0005,0.0018,0,0,32.56,305.74,2.79,1.0,-0.636,3.1985,timeout
0,0,0.0723,0.0607,2,0,44.84,338.83,1.0,0.5,-0.0523,0.0015,data_quality
0,0,0.0038,0.0041,0,1,31.58,277.16,0.12,1.0,-0.0191,0.042,dependency_failure
0,0,0.0,0.0,0,0,42.08,300.68,0.95,1.0,-0.0338,0.035,unknown
0,0,0.0008,0.0,0,0,97.68,3454.84,0.76,1.0,0.0049,1.607,resource_constraint
0,0,0.0012,0.0006,0,0,43.75,216.75,1.12,0.0,-0.0106,-0.0408,unknown
0,0,0.0015,0.0011,0,0,95.96,3526.45,1.1,1.0,0.0391,2.966,resource_constraint
0,0,0.0003,0.003,0,0,89.26,3358.08,1.01,1.0,0.0301,3.574,resource_constraint
0,0,0.0013,0.0023,0,1,37.99,274.85,0.3,1.0,-0.0353,0.0636,dependency_failure
1,1,0.004,0.0004,2,0,34.96,222.71,1.0,1.0,0.0636,0.0385,schema_change
0,0,0.0007,0.0,0,0,52.37,253.83,0.96,1.0,0.0171,-0.0324,unknown
0,0,0.0024,0.003,0,0,60.34,183.59,0.86,0.0,0.0384,-0.0183,unknown
1,2,0.0009,0.0019,3,0,41.19,209.94,1.02,1.0,0.066,0.091,schema_change
0,0,0.0046,0.0006,0,0,91.76,3076.04,0.77,1.0,-0.0014,3.0836,resource_constraint
0,0,0.2622,0.1758,8,0,26.74,232.39,1.13,0.76,0.0007,-0.0618,data_quality
0,0,0.0056,0.0,0,0,21.97,237.65,3.06,1.0,-0.6751,3.9777,timeout
0,0,0.0024,0.0,0,0,37.91,239.86,2.68,1.0,-0.7676,2.2711,timeout
0,0,0.0032,0.0,0,0,98.19,3398.89,1.21,1.0,-0.02,1.6308,resource_constraint
0,0,0.0021,0.0,0,0,28.95,210.99,2.84,1.0,-0.4846,2.0448,timeout
0,0,0.0023,0.0,0,0,80.0,271.48,1.06,0.0,-0.0517,-0.0462,unknown
0,0,0.0035,0.0004,0,0,93.27,3228.69,1.09,1.0,-0.0429,2.4725,resource_constraint
0,0,0.3287,0.1891,9,0,33.53,183.21,1.0,0.81,-0.0054,0.0592,data_quality
0,0,0.0,0.0003,0,1,37.53,231.47,0.12,1.0,0.0388,0.0321,dependency_failure
0,0,0.0021,0.0033,0,0,96.87,3134.04,1.11,1.0,0.0144,1.9552,resource_constraint
1,2,0.0023,0.0,3,0,43.04,253.87,0.95,1.0,0.0172,-0.0037,schema_change
0,0,0.0,0.0,0,0,39.86,259.88,2.56,1.0,-0.6231,3.7893,timeout
0,0,0.381,0.1757,5,0,39.43,235.9,1.05,0.65,-0.0633,0.0124,data_quality
1,2,0.0,0.0019,2,0,30.67,281.07,1.0,1.0,0.0259,-0.0196,schema_change
0,0,0.0,0.0,0,1,25.58,182.22,0.16,1.0,0.0171,-0.0162,dependency_failure
0,0,0.0,0.0,0,0,31.88,209.41,2.42,1.0,-0.571,2.2281,timeout
0,0,0.0707,0.0442,12,0,35.66,235.23,0.84,0.59,-0.0409,0.0196,data_quality
0,0,0.003,0.0,0,0,89.17,3120.41,1.02,1.0,0.0016,3.6545,resource_constraint
0,0,0.0,0.0033,0,0,73.92,249.37,0.99,1.0,0.0158,0.0191,unknown
0,0,0.0036,0.0,0,1,37.15,182.78,0.14,1.0,0.0261,0.0194,dependency_failure
0,0,0.0011,0.0019,0,0,93.22,3381.6,1.05,1.0,0.0342,2.7441,resource_constraint
0,0,0.0038,0.0,0,0,62.87,275.02,1.03,1.0,0.028,0.0267,unknown
0,0,0.0,0.0021,0,0,64.72,230.01,1.01,0.0,-0.0985,0.0031,unknown
0,0,0.0002,0.0006,0,0,99.9,3577.62,0.93,1.0,0.0068,2.3556,resource_constraint
0,0,0.0045,0.0,0,0,87.93,3292.9,1.1,1.0,-0.1055,2.3786,resource_constraint
0,0,0.0011,0.0024,0,1,37.76,286.52,0.29,1.0,-0.0319,0.0305,dependency_failure
1,2,0.0011,0.0021,2,0,14.76,238.14,1.02,1.0,-0.0576,0.0193,schema_change
0,0,0.0546,0.1447,10,0,35.22,264.28,0.83,0.73,0.0009,0.0061,data_quality
0,0,0.0,0.0,0,0,85.0,2721.39,0.82,1.0,0.0519,2.8798,resource_constraint
0,0,0.0017,0.0024,0,0,43.25,281.81,1.07,1.0,-0.0229,0.0776,unknown
0,0,0.2613,0.1358,8,0,34.05,253.75,0.83,0.93,-0.052,0.0544,data_quality
0,0,0.0016,0.0,0,1,26.4,196.96,0.15,1.0,-0.0006,-0.0042,dependency_failure
0,0,0.0024,0.0023,0,1,47.01,227.94,0.27,1.0,0.0391,-0.0942,dependency_failure
1,3,0.0,0.0002,4,0,25.51,157.12,1.05,1.0,0.0821,0.0565,schema_change
1,1,0.0,0.0035,2,0,17.64,179.86,0.95,1.0,0.0486,-0.0015,schema_change
0,0,0.0,0.0,0,0,53.64,145.12,4.22,1.0,-0.492,2.5309,timeout
0,0,0.0012,0.0,0,0,80.0,303.1,1.04,0.0,-0.0518,0.0808,unknown
0,0,0.0,0.0046,0,0,57.85,230.46,0.97,0.0,0.0028,0.0542,unknown
0,0,0.0025,0.0027,0,1,34.53,295.15,0.15,1.0,-0.0161,0.0669,dependency_failure
1,1,0.0,0.0,2,0,23.67,299.4,0.97,1.0,-0.0198,0.0241,schema_change
0,0,0.0044,0.0008,0,0,39.72,223.23,3.0,1.0,-0.6366,4.7522,timeout
0,0,0.2515,0.0576,9,0,46.35,236.46,1.07,0.56,-0.003,-0.1495,data_quality
0,0,0.0007,0.0002,0,1,35.68,267.47,0.11,1.0,0.0137,-0.1344,dependency_failure
0,0,0.001,0.0,0,0,34.81,295.88,3.91,1.0,-0.4025,4.8698,timeout
0,0,0.1428,0.1746,8,0,33.41,181.69,1.03,0.53,0.0503,0.0641,data_quality
0,0,0.0026,0.0028,0,0,57.8,224.07,0.98,0.0,-0.0349,0.0502,unknown
0,0,0.0036,0.0,0,0,30.26,210.56,4.49,1.0,-0.5427,2.624,timeout
0,0,0.0003,0.0,0,0,33.45,277.16,4.22,1.0,-0.5248,2.8364,timeout
0,0,0.0007,0.0,0,0,52.7,255.26,1.1,0.0,-0.0107,0.0542,unknown
0,0,0.001,0.0011,0,0,60.56,198.11,1.02,1.0,-0.0292,-0.0674,unknown
0,0,0.0005,0.0,0,0,32.92,191.86,1.11,0.0,-0.0311,0.0447,unknown
1,3,0.0,0.0,3,0,24.37,253.1,1.15,1.0,-0.0307,-0.0321,schema_change
0,0,0.0001,0.0035,0,0,88.33,3145.47,1.05,1.0,-0.0068,3.8456,resource_constraint
0,0,0.0042,0.0018,0,0,61.37,317.07,0.91,0.0,0.0469,-0.0762,unknown
0,0,0.0003,0.0066,0,0,91.82,3254.64,1.19,1.0,-0.0392,1.5638,resource_constraint
0,0,0.0,0.0004,0,0,20.0,286.06,0.99,1.0,-0.0649,-0.0362,unknown
0,0,0.0,0.0023,0,1,24.21,272.04,0.28,1.0,0.0068,-0.0366,dependency_failure
1,1,0.0035,0.0,2,0,28.86,275.52,0.97,1.0,0.0154,-0.1078,schema_change
0,0,0.0,0.0027,0,0,43.72,233.09,3.13,1.0,-0.5307,2.7895,timeout
0,0,0.1185,0.2087,6,0,23.82,253.56,1.11,0.82,-0.1214,-0.0435,data_quality
0,0,0.3423,0.104,12,0,53.11,253.55,1.02,0.92,0.0126,0.0224,data_quality
1,1,0.0051,0.0,2,0,34.68,296.73,0.91,1.0,-0.1151,-0.0222,schema_change
0,0,0.0017,0.0026,0,0,90.3,3313.25,0.98,1.0,-0.0481,1.9539,resource_constraint
0,0,0.0032,0.0,0,1,35.27,312.47,0.21,1.0,-0.0088,0.0512,dependency_failure
1,2,0.0,0.0019,3,0,34.13,230.54,1.02,1.0,0.0442,-0.0232,schema_change
1,2,0.0,0.0,3,0,39.52,224.62,1.1,1.0,-0.0138,-0.0013,schema_change
0,0,0.0021,0.0044,0,1,36.6,248.02,0.18,1.0,-0.0468,-0.0222,dependency_failure
1,2,0.0029,0.0,2,0,38.79,239.29,1.08,1.0,-0.1064,-0.005,schema_change
0,0,0.0,0.0,0,1,30.98,321.54,0.27,1.0,-0.0345,-0.0474,dependency_failure
0,0,0.001,0.0028,0,0,46.9,240.3,1.02,0.0,-0.0446,0.1072,unknown
1,2,0.0023,0.0021,3,0,29.32,178.49,0.88,1.0,-0.0335,0.0581,schema_change
0,0,0.118,0.1229,10,0,28.18,191.49,1.09,0.91,-0.1117,0.0244,data_quality
0,0,0.0,0.0,0,0,54.9,187.16,1.11,0.0,-0.0471,-0.0198,unknown
0,0,0.001,0.0022,0,0,26.26,253.55,3.49,1.0,-0.6894,4.5037,timeout
1,2,0.0015,0.0,3,0,42.47,224.79,0.9,1.0,-0.0379,-0.0344,schema_change
0,0,0.0014,0.0028,0,0,46.94,281.7,3.42,1.0,-0.7858,2.7254,timeout
1,2,0.0017,0.0,3,0,29.89,197.55,1.08,1.0,0.0441,-0.044,schema_change
0,0,0.0021,0.0028,0,0,47.06,294.35,1.12,0.0,-0.1064,0.0225,unknown
0,0,0.0,0.0,0,0,76.63,254.99,0.96,1.0,-0.0336,-0.001,unknown
0,0,0.1105,0.1073,14,0,34.54,297.36,1.03,0.96,-0.003,-0.0301,data_quality
1,1,0.0021,0.0037,2,0,38.35,284.56,1.09,1.0,-0.0112,0.0363,schema_change
0,0,0.0009,0.0,0,0,23.26,312.5,2.48,1.0,-0.7681,3.1096,timeout
1,3,0.0008,0.0,4,0,32.85,312.61,0.91,1.0,-0.036,-0.0382,schema_change
0,0,0.0036,0.0,0,0,87.83,3269.89,1.12,1.0,0.0371,3.5023,resource_constraint
0,0,0.0,0.0014,0,0,42.49,261.62,1.11,0.0,0.0795,-0.1264,unknown
0,0,0.2734,0.1005,12,0,13.73,243.3,0.86,0.96,-0.0193,0.044,data_quality
0,0,0.0013,0.0,0,0,86.53,2716.7,0.95,1.0,0.0426,2.8491,resource_constraint
0,0,0.0,0.0018,0,0,96.37,2997.66,0.83,1.0,0.0216,2.1155,resource_constraint
0,0,0.0044,0.0006,0,0,64.19,224.89,1.04,1.0,-0.0188,-0.0238,unknown
0,0,0.0,0.0,0,0,41.01,253.62,2.52,1.0,-0.5957,2.1397,timeout
0,0,0.0001,0.0012,0,1,30.61,237.73,0.17,1.0,0.0485,-0.0324,dependency_failure
0,0,0.0007,0.0,0,0,32.21,193.41,3.91,1.0,-0.4223,4.4621,timeout
0,0,0.0,0.0017,0,1,46.3,241.82,0.21,1.0,-0.0124,-0.0068,dependency_failure
0,0,0.0043,0.001,0,0,26.94,213.92,2.69,1.0,-0.7674,4.2962,timeout
0,0,0.0008,0.0008,0,0,86.39,3658.53,1.1,1.0,0.0077,1.8329,resource_constraint
0,0,0.0015,0.002,0,0,85.0,3485.93,0.9,1.0,-0.0198,3.9171,resource_constraint
0,0,0.0,0.0035,0,1,51.3,260.89,0.17,1.0,-0.0245,-0.0858,dependency_failure
0,0,0.0024,0.0,0,0,86.44,2601.43,1.07,1.0,0.0821,1.8611,resource_constraint
0,0,0.0,0.0,0,0,56.98,232.69,0.78,1.0,-0.0016,-0.0546,unknown
0,0,0.0,0.0,0,1,39.37,263.08,0.21,1.0,0.0762,-0.0331,dependency_failure
0,0,0.1863,0.0754,12,0,31.38,230.26,1.09,0.51,-0.0842,-0.0158,data_quality
0,0,0.0031,0.0023,0,1,28.39,199.32,0.24,1.0,-0.0024,-0.0105,dependency_failure
0,0,0.0,0.0,0,0,59.19,255.65,1.14,1.0,-0.0322,-0.006,unknown
0,0,0.001,0.0,0,0,71.21,225.66,0.97,0.0,0.0195,-0.0518,unknown
0,0,0.0012,0.0,0,1,37.93,271.46,0.28,1.0,-0.0545,-0.0371,dependency_failure
0,0,0.0,0.0042,0,1,46.33,313.54,0.13,1.0,0.014,-0.0326,dependency_failure
0,0,0.0004,0.0038,0,0,35.38,308.98,1.04,0.0,0.0311,-0.0165,unknown
0,0,0.0001,0.0008,0,1,36.49,302.1,0.16,1.0,-0.0393,-0.0666,dependency_failure
1,2,0.0,0.0,3,0,29.63,263.44,1.05,1.0,-0.0001,-0.0213,schema_change
0,0,0.2413,0.1473,5,0,40.13,253.19,1.1,0.75,0.0006,-0.0645,data_quality
0,0,0.0027,0.0038,0,0,90.79,3268.24,1.17,1.0,0.0226,1.7997,resource_constraint
0,0,0.0,0.0,0,0,29.42,263.71,0.89,1.0,0.0708,0.0947,unknown
0,0,0.002,0.0022,0,0,92.85,2980.2,0.86,1.0,-0.0542,3.7052,resource_constraint
0,0,0.1875,0.0795,7,0,31.92,227.67,0.98,0.67,-0.0041,0.0545,data_quality
0,0,0.2247,0.2343,5,0,32.91,176.35,0.81,0.79,0.0509,0.0422,data_quality
0,0,0.001,0.0027,0,0,99.16,3719.31,1.11,1.0,-0.0364,3.8806,resource_constraint
0,0,0.0031,0.0017,0,0,34.04,237.98,0.95,1.0,-0.0367,-0.0263,unknown
0,0,0.0,0.0,0,0,32.05,309.2,3.17,1.0,-0.7075,3.2773,timeout
0,0,0.0,0.0031,0,0,89.21,3383.61,1.01,1.0,-0.032,3.0512,resource_constraint
0,0,0.0044,0.0,0,1,33.76,247.59,0.13,1.0,-0.0369,-0.0804,dependency_failure
1,3,0.0,0.0012,4,0,29.85,203.74,1.06,1.0,0.0564,0.0089,schema_change
0,0,0.0023,0.0,0,1,33.6,246.19,0.12,1.0,-0.0212,0.0593,dependency_failure
0,0,0.0023,0.0044,0,0,28.23,210.08,3.73,1.0,-0.5966,2.6915,timeout
0,0,0.0,0.0,0,0,31.78,203.77,3.16,1.0,-0.4775,3.2064,timeout
1,1,0.0028,0.0006,2,0,30.04,256.15,1.08,1.0,-0.0859,0.0142,schema_change
0,0,0.0,0.0,0,0,72.63,187.28,1.14,0.0,0.0376,0.0309,unknown
0,0,0.0,0.0013,0,0,53.77,178.76,1.01,1.0,0.0631,0.0463,unknown
0,0,0.0,0.0032,0,0,58.2,295.12,0.92,1.0,-0.0043,-0.0226,unknown
0,0,0.3767,0.1864,1,0,37.52,248.34,1.1,0.79,-0.0458,0.057,data_quality
0,0,0.283,0.1335,3,0,39.25,255.96,1.12,0.96,0.1172,0.0435,data_quality
0,0,0.2007,0.1275,7,0,35.07,252.31,0.97,0.62,0.0342,-0.0211,data_quality
0,0,0.0012,0.0,0,0,64.89,254.77,0.99,1.0,0.0456,-0.0051,unknown
0,0,0.0,0.0018,0,0,28.9,308.06,3.81,1.0,-0.4488,3.9631,timeout
1,2,0.001,0.0021,2,0,36.79,304.57,1.01,1.0,-0.0215,0.0061,schema_change
0,0,0.0013,0.0,0,0,54.62,176.03,1.08,0.0,0.0106,0.0145,unknown
0,0,0.0011,0.0003,0,0,88.4,3825.54,0.97,1.0,0.0578,1.7296,resource_constraint
0,0,0.0,0.0013,0,0,42.3,210.93,4.17,1.0,-0.6236,2.0785,timeout
0,0,0.0027,0.0,0,1,35.46,205.34,0.11,1.0,0.0243,0.0405,dependency_failure
0,0,0.0015,0.0,0,1,33.49,304.07,0.2,1.0,-0.0162,0.06,dependency_failure
0,0,0.0019,0.002,0,0,87.21,2782.67,1.12,1.0,0.0577,1.5508,resource_constraint
1,3,0.0005,0.0003,3,0,27.81,229.61,0.92,1.0,-0.045,0.0599,schema_change
0,0,0.0024,0.0008,0,0,31.49,263.43,2.69,1.0,-0.6911,4.0194,timeout
0,0,0.004,0.0005,0,0,32.58,238.28,3.63,1.0,-0.551,2.8848,timeout
0,0,0.0013,0.0015,0,1,33.66,188.8,0.16,1.0,-0.0221,0.0318,dependency_failure
0,0,0.0,0.0,0,0,50.09,221.79,3.74,1.0,-0.6571,3.7753,timeout
0,0,0.0017,0.0024,0,1,38.64,188.1,0.17,1.0,0.0079,-0.019,dependency_failure
0,0,0.0,0.0019,0,1,27.96,259.05,0.24,1.0,-0.0312,-0.0129,dependency_failure
0,0,0.0009,0.0009,0,1,35.41,268.73,0.17,1.0,-0.0011,0.0977,dependency_failure
0,0,0.002,0.0017,0,0,29.03,199.78,0.83,1.0,0.0192,0.0147,unknown
1,2,0.0,0.0003,3,0,45.23,197.17,1.22,1.0,-0.009,-0.0634,schema_change
0,0,0.001,0.0001,0,1,41.92,197.57,0.3,1.0,0.021,0.01,dependency_failure
0,0,0.0,0.0017,0,1,34.63,299.76,0.13,1.0,0.103,-0.0421,dependency_failure
1,3,0.0008,0.0008,4,0,37.51,298.43,1.11,1.0,-0.0289,-0.0647,schema_change
0,0,0.355,0.0746,12,0,36.54,345.68,0.79,0.99,0.0342,-0.0057,data_quality
0,0,0.3484,0.1351,3,0,35.35,288.23,0.95,0.84,-0.0023,-0.0008,data_quality
0,0,0.0,0.0002,0,0,47.41,259.83,1.21,1.0,-0.0611,-0.0016,unknown
0,0,0.0,0.0014,0,0,30.65,204.12,1.04,0.0,-0.043,-0.0748,unknown
1,3,0.0023,0.0018,3,0,41.71,225.31,0.94,1.0,-0.055,0.022,schema_change
0,0,0.0,0.0034,0,0,25.24,279.97,3.4,1.0,-0.6144,3.0859,timeout
0,0,0.0031,0.0014,0,0,88.74,2865.83,0.77,1.0,0.0326,3.9076,resource_constraint
0,0,0.0,0.002,0,0,99.11,3641.52,1.03,1.0,0.0379,2.8897,resource_constraint
0,0,0.0,0.0,0,0,95.06,3481.69,0.82,1.0,-0.0444,1.6146,resource_constraint
1,3,0.0012,0.0016,3,0,29.79,292.92,0.98,1.0,0.0274,-0.0459,schema_change
0,0,0.0,0.0043,0,0,92.39,2937.66,1.02,1.0,0.0161,3.0543,resource_constraint
1,1,0.0,0.0016,1,0,27.74,193.51,1.15,1.0,-0.0113,0.0034,schema_change
0,0,0.0033,0.0,0,0,85.73,2571.51,1.11,1.0,-0.0265,3.8867,resource_constraint
0,0,0.3902,0.0566,10,0,27.83,262.14,1.13,0.68,-0.0931,0.0056,data_quality
0,0,0.0047,0.0032,0,0,38.76,148.65,3.97,1.0,-0.5076,4.3641,timeout
1,1,0.005,0.0,1,0,23.2,257.74,0.94,1.0,0.0442,0.0585,schema_change
1,2,0.0,0.0005,2,0,44.44,257.76,0.95,1.0,0.0242,-0.0551,schema_change
0,0,0.0012,0.0022,0,0,89.41,3254.48,0.9,1.0,-0.001,2.0174,resource_constraint
0,0,0.0,0.0048,0,1,38.37,149.16,0.21,1.0,-0.1073,-0.0647,dependency_failure
1,1,0.0006,0.0014,2,0,35.66,276.36,0.97,1.0,0.0457,-0.0474,schema_change
1,3,0.0024,0.0026,4,0,22.46,265.13,1.14,1.0,-0.0178,-0.0287,schema_change
0,0,0.0022,0.0037,0,0,93.14,3261.7,1.01,1.0,0.0195,2.182,resource_constraint
0,0,0.0014,0.0,0,0,33.47,206.78,3.59,1.0,-0.4186,3.6253,timeout
0,0,0.1395,0.0953,3,0,36.48,300.12,1.04,0.58,0.0779,-0.0219,data_quality
1,3,0.0,0.0036,3,0,39.46,205.54,1.02,1.0,0.0249,0.057,schema_change
0,0,0.002,0.0007,0,0,36.04,280.25,0.96,1.0,0.0145,0.0267,unknown
0,0,0.0014,0.0038,0,0,94.61,2984.23,1.06,1.0,-0.0256,2.655,resource_constraint
1,2,0.0,0.0012,2,0,32.11,328.72,1.0,1.0,0.0327,0.0109,schema_change
0,0,0.0019,0.0049,0,0,36.2,210.32,2.88,1.0,-0.7435,2.9548,timeout
0,0,0.0007,0.0011,0,1,36.96,246.92,0.28,1.0,-0.0851,-0.0102,dependency_failure
0,0,0.0,0.0,0,0,56.23,304.81,1.18,1.0,-0.0199,0.0189,unknown
0,0,0.0,0.0032,0,1,49.73,222.21,0.18,1.0,-0.0316,0.0689,dependency_failure
0,0,0.0013,0.002,0,1,38.88,220.0,0.12,1.0,0.0614,-0.013,dependency_failure
0,0,0.0039,0.004,0,0,36.64,291.75,2.68,1.0,-0.4099,2.2543,timeout
0,0,0.0004,0.0036,0,0,76.29,185.15,0.91,1.0,0.032,-0.087,unknown
0,0,0.2427,0.2372,1,0,42.41,236.77,0.95,0.61,0.0075,0.0385,data_quality
0,0,0.3056,0.1039,4,0,22.13,211.37,1.04,0.82,0.0019,0.0206,data_quality
1,1,0.0022,0.0,2,0,51.72,185.69,1.02,1.0,0.1012,0.0003,schema_change
0,0,0.0029,0.0,0,0,45.74,286.08,0.93,0.0,0.039,-0.0069,unknown
0,0,0.1991,0.0861,8,0,32.59,184.91,1.02,0.58,-0.0022,-0.0364,data_quality
0,0,0.0004,0.0,0,1,38.73,232.44,0.15,1.0,0.0487,-0.0075,dependency_failure
1,1,0.0,0.0016,1,0,47.32,222.15,1.1,1.0,-0.0564,0.1055,schema_change
0,0,0.3475,0.0651,13,0,33.63,294.99,1.07,0.56,-0.004,-0.0976,data_quality
0,0,0.0018,0.0042,0,0,62.82,244.56,1.24,0.0,-0.0355,-0.0408,unknown
0,0,0.002,0.0003,0,0,38.28,207.81,2.98,1.0,-0.6434,2.7569,timeout
0,0,0.0,0.0,0,0,95.08,3163.89,0.95,1.0,-0.0222,3.0455,resource_constraint
1,3,0.0002,0.0037,4,0,37.64,285.77,1.0,1.0,0.0636,-0.0577,schema_change
0,0,0.0,0.0017,0,0,25.96,218.06,2.56,1.0,-0.7909,2.2551,timeout
0,0,0.0,0.0023,0,1,48.32,228.49,0.26,1.0,-0.1345,-0.0061,dependency_failure
0,0,0.0018,0.0,0,1,48.4,226.66,0.16,1.0,-0.0273,0.0383,dependency_failure
0,0,0.3391,0.1652,2,0,24.1,224.38,0.92,0.89,-0.0383,0.0003,data_quality
0,0,0.0,0.0,0,0,68.81,249.53,0.95,1.0,0.0681,0.0623,unknown
1,2,0.0,0.0011,3,0,54.71,242.31,1.03,1.0,-0.0017,-0.0584,schema_change
0,0,0.0026,0.0,0,0,56.41,241.32,1.03,1.0,-0.0169,0.021,unknown
0,0,0.0866,0.1857,2,0,51.55,254.48,1.04,0.84,-0.044,-0.051,data_quality
0,0,0.0011,0.0007,0,0,18.8,258.06,2.25,1.0,-0.6866,4.5878,timeout
0,0,0.0017,0.0,0,0,64.02,251.75,0.87,0.0,-0.0509,0.0496,unknown
0,0,0.0015,0.0018,0,1,35.16,233.1,0.26,1.0,-0.0528,0.0155,dependency_failure
1,1,0.0039,0.0015,2,0,25.45,237.95,0.93,1.0,-0.0019,0.0616,schema_change
0,0,0.001,0.0,0,0,99.04,3014.29,1.1,1.0,0.0083,1.7027,resource_constraint
0,0,0.0044,0.0,0,0,41.85,311.08,2.63,1.0,-0.5537,2.82,timeout
0,0,0.0,0.0022,0,0,94.85,2650.9,0.88,1.0,-0.017,2.7946,resource_constraint
0,0,0.07,0.0989,12,0,33.4,271.4,1.1,0.83,0.0265,0.0418,data_quality
0,0,0.0,0.0016,0,0,48.39,205.92,2.5,1.0,-0.465,2.7141,timeout
1,1,0.0014,0.0,2,0,35.01,252.25,0.95,1.0,0.06,-0.0109,schema_change
0,0,0.0,0.0006,0,0,91.98,3323.49,1.05,1.0,0.0263,3.8423,resource_constraint
1,3,0.0,0.0014,4,0,41.88,164.82,0.89,1.0,-0.0184,0.0158,schema_change
0,0,0.0,0.001,0,1,35.42,237.01,0.13,1.0,0.0525,0.0288,dependency_failure
0,0,0.0,0.0054,0,0,48.24,268.92,2.38,1.0,-0.4077,2.8273,timeout
1,3,0.0033,0.0,3,0,30.5,225.94,1.16,1.0,-0.005,-0.0748,schema_change
0,0,0.0,0.0052,0,1,46.82,278.28,0.28,1.0,-0.0128,0.0182,dependency_failure
0,0,0.0,0.0027,0,1,24.68,306.33,0.21,1.0,-0.0777,-0.0559,dependency_failure
0,0,0.0,0.0024,0,1,17.09,293.73,0.13,1.0,-0.0726,-0.0893,dependency_failure
0,0,0.0041,0.0012,0,1,25.19,253.26,0.26,1.0,-0.0121,0.0288,dependency_failure
1,2,0.0005,0.0022,2,0,41.16,235.79,1.06,1.0,0.0123,-0.0099,schema_change
0,0,0.0896,0.1511,10,0,32.8,299.96,1.1,0.93,-0.0561,-0.0091,data_quality
0,0,0.0,0.0,0,0,49.69,230.32,0.92,0.0,0.0915,0.1086,unknown
1,2,0.0006,0.0,3,0,39.41,323.87,1.02,1.0,0.008,-0.0469,schema_change
1,3,0.0013,0.0015,4,0,41.48,197.6,0.84,1.0,0.079,-0.0719,schema_change
0,0,0.0,0.003,0,0,25.44,260.33,3.6,1.0,-0.6884,3.9822,timeout
1,2,0.0,0.0027,3,0,40.11,240.53,0.97,1.0,-0.0918,0.0165,schema_change
0,0,0.231,0.1418,11,0,37.89,185.55,1.21,0.7,0.0188,0.0257,data_quality
0,0,0.2611,0.0383,5,0,35.29,264.45,1.02,0.84,0.0113,0.0835,data_quality
0,0,0.0041,0.0015,0,0,19.32,275.62,3.04,1.0,-0.6568,3.8475,timeout
0,0,0.0003,0.0012,0,0,97.39,3292.65,0.89,1.0,0.0933,3.0734,resource_constraint
0,0,0.0,0.0037,0,1,26.9,245.82,0.14,1.0,0.0927,-0.025,dependency_failure
0,0,0.0018,0.0008,0,0,25.6,231.05,3.54,1.0,-0.5803,4.6624,timeout
1,1,0.0025,0.0,2,0,48.98,287.29,0.98,1.0,0.0568,-0.0553,schema_change
0,0,0.0,0.0,0,0,85.0,3327.29,1.14,1.0,-0.0409,2.4177,resource_constraint
1,3,0.0002,0.0,3,0,32.21,235.8,0.99,1.0,0.0317,0.029,schema_change
0,0,0.2218,0.0374,8,0,33.24,274.38,0.84,0.81,0.01,0.005,data_quality
0,0,0.224,0.061,6,0,42.1,280.43,1.01,0.55,0.0194,0.0625,data_quality
0,0,0.0024,0.0022,0,0,46.61,201.95,3.72,1.0,-0.724,3.0213,timeout
0,0,0.0007,0.004,0,0,36.02,253.04,3.28,1.0,-0.5273,3.3473,timeout
0,0,0.2266,0.0217,4,0,43.45,294.18,0.94,0.85,-0.0103,-0.02,data_quality
0,0,0.0,0.0029,0,1,37.07,211.4,0.15,1.0,0.0669,-0.1027,dependency_failure
0,0,0.2851,0.1107,1,0,41.98,221.09,0.83,0.5,0.1153,-0.0105,data_quality
0,0,0.0,0.0007,0,0,88.89,2813.19,1.1,1.0,0.0811,2.0346,resource_constraint
1,1,0.0,0.0,2,0,50.61,226.4,0.98,1.0,-0.0573,0.0294,schema_change
0,0,0.0799,0.2292,2,0,37.48,221.31,1.07,0.6,-0.0822,0.0796,data_quality
1,2,0.0019,0.0,2,0,41.79,200.7,1.06,1.0,0.0313,-0.0348,schema_change
0,0,0.0003,0.0018,0,0,93.16,3129.5,0.93,1.0,0.0106,1.6049,resource_constraint
0,0,0.0063,0.0039,0,0,32.59,178.98,2.8,1.0,-0.5221,3.81,timeout
0,0,0.0048,0.0,0,1,32.49,260.41,0.26,1.0,-0.04,-0.0117,dependency_failure
0,0,0.0,0.0004,0,0,34.92,176.96,2.79,1.0,-0.478,3.1678,timeout
0,0,0.0977,0.0652,8,0,40.39,229.98,0.89,0.53,0.0019,-0.0957,data_quality
0,0,0.0019,0.0023,0,0,93.02,2922.83,1.0,1.0,-0.0198,3.9588,resource_constraint
0,0,0.0,0.0,0,0,63.25,241.31,0.89,0.0,0.0611,-0.0167,unknown
0,0,0.0,0.0015,0,0,71.54,268.68,1.13,1.0,-0.006,0.0336,unknown
0,0,0.0742,0.097,11,0,51.81,316.52,1.02,0.66,0.027,0.0447,data_quality
0,0,0.0014,0.0006,0,0,94.99,3304.29,1.09,1.0,0.0954,2.0866,resource_constraint
0,0,0.0017,0.0,0,0,78.31,220.25,0.94,1.0,-0.0943,0.0536,unknown
0,0,0.0019,0.0007,0,0,28.4,282.49,1.0,1.0,-0.0722,-0.0599,unknown
0,0,0.0015,0.003,0,0,98.8,3392.3,0.8,1.0,0.0049,2.1617,resource_constraint
0,0,0.0,0.0031,0,0,33.03,307.91,3.07,1.0,-0.488,2.3309,timeout
0,0,0.0004,0.0023,0,0,91.36,2804.42,0.98,1.0,-0.0558,1.9803,resource_constraint
0,0,0.0,0.0005,0,0,29.95,315.88,3.64,1.0,-0.5775,2.2347,timeout
0,0,0.0037,0.0018,0,0,73.12,238.96,1.0,1.0,0.0133,-0.0563,unknown
0,0,0.0026,0.0008,0,0,69.16,304.97,1.07,0.0,0.033,-0.0432,unknown
0,0,0.003,0.0037,0,0,24.12,203.49,3.58,1.0,-0.6423,4.4099,timeout
0,0,0.0,0.0026,0,1,45.67,265.64,0.21,1.0,-0.0062,0.0273,dependency_failure
1,1,0.0027,0.0,1,0,52.5,174.22,0.94,1.0,-0.0042,-0.01,schema_change
0,0,0.0036,0.0,0,0,95.57,3550.89,0.99,1.0,0.0074,3.1694,resource_constraint
0,0,0.0012,0.0,0,1,33.76,225.31,0.18,1.0,-0.0051,0.0569,dependency_failure
1,3,0.0,0.0006,4,0,27.29,276.28,1.08,1.0,-0.0033,-0.0332,schema_change
0,0,0.0009,0.0011,0,0,86.09,3249.57,0.99,1.0,-0.0428,3.0632,resource_constraint
1,3,0.0,0.0027,3,0,36.66,244.03,0.93,1.0,-0.0238,0.0299,schema_change
0,0,0.0021,0.0,0,0,61.68,262.37,1.16,0.0,0.0426,-0.0318,unknown
0,0,0.0,0.0043,0,0,86.73,2847.02,1.1,1.0,0.0262,2.9286,resource_constraint
0,0,0.0015,0.0038,0,0,62.06,191.72,1.09,1.0,0.0248,0.0054,unknown
0,0,0.0006,0.0013,0,0,23.44,214.83,2.99,1.0,-0.6873,4.0262,timeout
0,0,0.0,0.0,0,0,99.9,3196.07,1.15,1.0,0.0628,3.1419,resource_constraint
0,0,0.0001,0.0007,0,1,34.4,247.19,0.18,1.0,0.0099,0.0113,dependency_failure
0,0,0.0,0.001,0,0,91.86,2960.68,0.93,1.0,0.025,3.7394,resource_constraint
0,0,0.3807,0.1308,11,0,31.92,259.36,1.28,0.79,0.0274,0.0876,data_quality
1,2,0.0008,0.0012,3,0,30.24,273.53,0.97,1.0,-0.016,0.0272,schema_change
0,0,0.0,0.0026,0,0,41.5,266.48,4.23,1.0,-0.63,4.9795,timeout
0,0,0.0001,0.002,0,0,46.28,224.3,0.84,1.0,-0.0447,-0.0199,unknown
0,0,0.2214,0.1416,12,0,29.99,228.11,0.9,0.67,-0.0224,-0.0006,data_quality
0,0,0.0022,0.002,0,0,90.12,3792.45,1.23,1.0,0.0225,3.0536,resource_constraint
0,0,0.0012,0.0006,0,0,93.5,2941.01,1.05,1.0,0.0446,2.9378,resource_constraint
0,0,0.0,0.0,0,0,32.08,286.08,3.97,1.0,-0.5403,3.4291,timeout
0,0,0.0018,0.0007,0,0,92.24,2999.62,1.13,1.0,0.0041,3.3809,resource_constraint
0,0,0.3879,0.0316,9,0,34.24,297.78,1.09,0.95,0.1147,-0.0064,data_quality
0,0,0.1446,0.2048,8,0,27.43,268.66,0.99,1.0,0.0116,-0.0043,data_quality
0,0,0.0025,0.0,0,0,88.72,3031.16,1.11,1.0,0.0663,3.5247,resource_constraint
0,0,0.0009,0.004,0,0,36.77,287.76,2.52,1.0,-0.684,2.4081,timeout
0,0,0.0,0.0,0,1,35.41,264.83,0.25,1.0,0.0004,-0.0255,dependency_failure
0,0,0.0024,0.0017,0,0,50.05,290.9,2.1,1.0,-0.7969,2.3087,timeout
0,0,0.2044,0.0241,13,0,26.79,228.58,0.94,0.54,0.027,0.0282,data_quality
0,0,0.0006,0.0,0,1,20.5,184.28,0.3,1.0,0.1053,-0.1359,dependency_failure
0,0,0.0033,0.0,0,0,69.23,237.57,0.88,0.0,0.0083,-0.0409,unknown
0,0,0.0029,0.0,0,0,27.94,282.42,3.01,1.0,-0.5597,3.2956,timeout
0,0,0.0019,0.0,0,0,96.62,3351.1,0.99,1.0,0.1356,3.5889,resource_constraint
1,1,0.003,0.0059,2,0,46.07,272.56,1.06,1.0,0.0427,0.0379,schema_change
0,0,0.0006,0.0005,0,1,35.16,247.82,0.11,1.0,-0.1025,0.0122,dependency_failure
0,0,0.0,0.0,0,0,96.98,3665.38,0.97,1.0,-0.0257,2.084,resource_constraint
0,0,0.1745,0.069,2,0,32.46,254.66,1.11,0.88,-0.0753,-0.0983,data_quality
0,0,0.0019,0.0021,0,1,38.87,204.68,0.14,1.0,0.055,0.0536,dependency_failure
0,0,0.0017,0.0002,0,0,95.9,3092.82,1.02,1.0,-0.1062,2.5308,resource_constraint
0,0,0.0005,0.0,0,0,92.21,2806.35,0.98,1.0,0.0942,2.5635,resource_constraint
0,0,0.0,0.0027,0,0,91.56,3226.35,0.97,1.0,0.0208,3.3319,resource_constraint
0,0,0.0663,0.0232,9,0,37.8,214.19,1.11,0.96,0.1169,-0.043,data_quality
0,0,0.0,0.0,0,0,46.87,223.96,0.97,0.0,0.0177,0.0125,unknown
0,0,0.0005,0.0001,0,1,36.51,205.8,0.28,1.0,-0.0317,-0.0096,dependency_failure
0,0,0.0016,0.0,0,1,50.33,254.94,0.24,1.0,-0.0056,-0.0758,dependency_failure
0,0,0.0022,0.0023,0,0,43.88,245.54,2.29,1.0,-0.4464,2.538,timeout
0,0,0.0,0.0,0,0,87.1,3499.85,0.8,1.0,-0.0402,2.7453,resource_constraint
0,0,0.0034,0.0006,0,0,34.81,281.71,3.25,1.0,-0.6792,3.4764,timeout
0,0,0.0054,0.0012,0,1,49.21,185.68,0.14,1.0,-0.0698,0.0182,dependency_failure
1,2,0.0036,0.0012,3,0,40.68,171.23,0.98,1.0,-0.0512,0.0151,schema_change
0,0,0.3394,0.1568,12,0,34.98,312.72,0.9,0.9,0.0864,0.0486,data_quality
0,0,0.0008,0.0005,0,0,36.32,320.0,3.61,1.0,-0.7922,3.3792,timeout
1,2,0.0,0.0,2,0,40.68,253.7,1.06,1.0,0.0881,0.0115,schema_change
0,0,0.0025,0.0007,0,0,29.29,230.88,2.72,1.0,-0.5087,4.0061,timeout
0,0,0.0002,0.0019,0,0,91.72,2879.02,1.11,1.0,-0.0435,3.3776,resource_constraint
0,0,0.0021,0.0026,0,1,27.87,220.72,0.2,1.0,0.0431,0.0239,dependency_failure
0,0,0.002,0.0025,0,1,28.26,264.99,0.13,1.0,0.032,0.046,dependency_failure
0,0,0.0,0.0,0,0,93.75,3114.37,0.86,1.0,0.0549,1.7747,resource_constraint
0,0,0.0019,0.0,0,1,42.19,326.43,0.29,1.0,-0.0162,0.022,dependency_failure
0,0,0.0,0.0,0,0,32.63,229.89,2.33,1.0,-0.6846,3.4388,timeout
1,1,0.0004,0.0005,2,0,30.1,326.49,1.11,1.0,-0.0896,-0.0223,schema_change
0,0,0.0,0.0,0,1,31.72,297.22,0.18,1.0,-0.0191,0.0203,dependency_failure
0,0,0.0,0.0003,0,0,91.28,3175.2,0.94,1.0,-0.0126,3.575,resource_constraint
0,0,0.003,0.0,0,0,91.67,3397.18,0.91,1.0,-0.0008,3.1539,resource_constraint
0,0,0.0034,0.0,0,1,39.91,283.64,0.17,1.0,0.0682,0.0238,dependency_failure
0,0,0.3185,0.2437,10,0,16.36,227.02,1.03,0.64,-0.0203,-0.1273,data_quality
0,0,0.002,0.0,0,0,35.57,262.08,2.65,1.0,-0.5872,4.7379,timeout
0,0,0.0,0.0,0,0,36.51,269.89,2.1,1.0,-0.6306,2.8231,timeout
0,0,0.001,0.0,0,0,90.28,2997.7,1.06,1.0,-0.0593,2.7159,resource_constraint
0,0,0.0004,0.0022,0,0,92.33,3162.22,0.93,1.0,-0.0154,1.6195,resource_constraint
0,0,0.2868,0.1036,13,0,36.13,303.96,1.15,0.97,-0.0116,-0.0663,data_quality
1,2,0.0015,0.0,2,0,45.19,230.07,0.91,1.0,0.0104,0.0054,schema_change
0,0,0.3493,0.1025,8,0,33.74,224.33,1.17,0.82,-0.0428,0.0018,data_quality
0,0,0.2248,0.1959,13,0,36.82,237.04,1.06,0.63,0.034,0.0154,data_quality
0,0,0.0033,0.0017,0,0,42.23,163.63,0.96,1.0,0.0093,-0.076,unknown
0,0,0.0979,0.178,13,0,32.45,191.76,1.07,0.96,0.0333,0.0715,data_quality
0,0,0.0011,0.0058,0,0,38.63,280.67,2.29,1.0,-0.6514,4.8994,timeout
0,0,0.0038,0.0031,0,0,46.96,248.02,1.2,0.0,-0.0597,-0.0961,unknown
1,3,0.0057,0.0,3,0,47.89,217.48,1.06,1.0,-0.0456,0.0499,schema_change
0,0,0.3191,0.0811,6,0,29.21,286.35,0.96,0.88,-0.0667,-0.0142,data_quality
0,0,0.0012,0.0033,0,0,44.27,221.78,3.12,1.0,-0.7192,4.9505,timeout
0,0,0.2128,0.0334,12,0,40.59,236.31,1.07,0.63,0.0432,-0.0327,data_quality
0,0,0.0012,0.0016,0,0,70.17,296.39,0.99,1.0,0.1085,0.0349,unknown
0,0,0.0046,0.0022,0,1,33.79,312.64,0.15,1.0,0.0669,-0.0172,dependency_failure
0,0,0.0023,0.0,0,0,70.13,254.15,0.97,1.0,-0.1157,-0.0617,unknown
0,0,0.0011,0.0011,0,1,34.15,298.69,0.22,1.0,-0.0778,-0.0468,dependency_failure
0,0,0.0,0.0011,0,0,41.37,275.09,2.86,1.0,-0.6716,2.5426,timeout
0,0,0.002,0.0,0,0,66.02,267.47,0.92,1.0,0.1125,-0.0475,unknown
0,0,0.0008,0.0021,0,0,41.93,260.28,2.95,1.0,-0.5109,3.4639,timeout
0,0,0.0047,0.0,0,0,85.79,3159.43,1.1,1.0,0.1161,3.0141,resource_constraint
0,0,0.0037,0.0,0,0,29.13,235.71,2.78,1.0,-0.5477,2.0184,timeout
0,0,0.2553,0.1636,5,0,37.53,227.36,0.96,0.83,0.0321,-0.0741,data_quality
0,0,0.0034,0.0,0,1,26.78,263.98,0.19,1.0,0.0278,0.0251,dependency_failure
0,0,0.1682,0.1162,3,0,11.91,230.13,0.97,0.75,0.0728,0.0238,data_quality
0,0,0.0,0.0007,0,0,22.76,199.83,4.2,1.0,-0.7642,2.9757,timeout
0,0,0.0004,0.0022,0,0,90.35,3025.56,1.02,1.0,-0.0811,2.3005,resource_constraint
0,0,0.2905,0.2074,12,0,30.12,255.8,0.93,0.71,-0.0412,0.0342,data_quality
1,3,0.0,0.0,3,0,46.32,218.14,1.07,1.0,0.0238,0.0659,schema_change
0,0,0.0,0.0014,0,0,59.99,288.86,0.77,0.0,-0.0715,0.0118,unknown
0,0,0.0017,0.0021,0,1,32.98,224.41,0.15,1.0,-0.0543,0.055,dependency_failure
0,0,0.0,0.0024,0,0,80.0,194.27,0.89,1.0,-0.0424,0.0056,unknown
0,0,0.0023,0.0,0,0,59.18,233.63,0.95,1.0,0.0147,-0.0433,unknown
1,3,0.0014,0.0038,3,0,42.35,187.18,0.9,1.0,0.047,-0.0491,schema_change
0,0,0.3759,0.241,4,0,31.25,233.84,0.98,0.51,0.0501,-0.0233,data_quality
1,2,0.0065,0.0033,2,0,41.19,217.96,1.15,1.0,-0.0616,0.0654,schema_change
1,1,0.0026,0.0063,1,0,37.11,315.67,1.05,1.0,0.0043,-0.0755,schema_change
0,0,0.0,0.0,0,1,38.64,274.54,0.19,1.0,-0.0775,-0.0534,dependency_failure
0,0,0.0031,0.0027,0,0,90.66,3126.9,0.97,1.0,-0.0296,2.2031,resource_constraint
0,0,0.004,0.0,0,0,21.28,257.15,2.35,1.0,-0.416,2.6282,timeout
0,0,0.0044,0.0039,0,1,39.84,255.56,0.22,1.0,-0.0528,0.0483,dependency_failure
0,0,0.0814,0.2295,1,0,43.9,259.54,0.92,0.5,0.0677,-0.0714,data_quality
1,2,0.0009,0.0009,2,0,26.46,248.53,0.9,1.0,0.002,0.0415,schema_change
1,3,0.0,0.0,4,0,29.37,240.44,1.01,1.0,0.0354,-0.0424,schema_change
0,0,0.2704,0.2186,3,0,27.57,252.91,1.02,0.57,-0.0693,0.0397,data_quality
0,0,0.3017,0.0825,10,0,36.77,209.59,0.95,0.66,0.0713,0.0164,data_quality
0,0,0.0018,0.0,0,0,97.56,3534.72,1.04,1.0,0.0088,1.8268,resource_constraint
0,0,0.0005,0.0017,0,1,32.02,308.96,0.13,1.0,0.0045,0.0298,dependency_failure
0,0,0.0,0.0,0,0,93.04,2726.97,1.02,1.0,0.0436,3.294,resource_constraint
0,0,0.0028,0.004,0,1,27.52,288.13,0.14,1.0,-0.0386,0.0334,dependency_failure
0,0,0.0008,0.0026,0,0,54.24,322.36,1.02,0.0,-0.1024,0.0167,unknown
0,0,0.0,0.0,0,0,32.86,215.63,3.42,1.0,-0.5191,3.3214,timeout
0,0,0.0012,0.0052,0,0,41.45,203.53,2.22,1.0,-0.6803,4.8404,timeout
0,0,0.0016,0.0,0,0,27.64,176.73,3.25,1.0,-0.6002,2.5072,timeout
0,0,0.0,0.0017,0,0,94.39,3492.91,1.08,1.0,0.0422,2.6988,resource_constraint
0,0,0.0022,0.0029,0,0,63.39,307.28,1.1,1.0,-0.0207,-0.0656,unknown
1,2,0.004,0.0,3,0,23.82,244.78,0.96,1.0,-0.0092,0.0326,schema_change
0,0,0.1337,0.1943,5,0,37.78,213.14,0.96,0.88,-0.008,-0.0196,data_quality
0,0,0.0,0.0009,0,0,97.88,3583.19,0.91,1.0,-0.0067,2.2402,resource_constraint
0,0,0.0002,0.0,0,0,85.96,3437.07,0.99,1.0,0.0769,3.1339,resource_constraint
0,0,0.0,0.0027,0,1,45.47,252.15,0.23,1.0,0.0506,-0.0348,dependency_failure
0,0,0.0,0.0023,0,0,34.27,246.42,3.34,1.0,-0.4995,2.6327,timeout
0,0,0.0039,0.0005,0,0,98.43,3032.36,1.01,1.0,-0.0188,3.1309,resource_constraint
1,1,0.0005,0.004,1,0,13.79,293.66,1.12,1.0,-0.1037,-0.0171,schema_change
0,0,0.0004,0.0,0,0,62.57,254.94,0.93,1.0,0.076,0.0037,unknown
0,0,0.163,0.0746,6,0,33.65,243.42,1.08,0.63,-0.1043,-0.0281,data_quality
0,0,0.0008,0.002,0,0,65.7,277.76,0.93,1.0,0.0309,-0.0335,unknown
1,3,0.0,0.0028,4,0,30.49,351.57,1.14,1.0,-0.0195,0.0575,schema_change
0,0,0.0,0.004,0,0,36.47,301.1,4.21,1.0,-0.7692,2.1355,timeout
0,0,0.0001,0.0007,0,0,56.19,242.82,0.97,1.0,-0.0591,-0.0753,unknown
0,0,0.0022,0.0008,0,0,45.14,222.08,2.68,1.0,-0.5591,3.737,timeout
1,1,0.0,0.0003,2,0,28.33,222.42,1.05,1.0,0.0209,0.02,schema_change
0,0,0.0013,0.0,0,0,47.97,222.77,1.2,1.0,-0.0206,0.0616,unknown
0,0,0.0039,0.0,0,1,38.05,308.74,0.23,1.0,-0.0522,0.0295,dependency_failure
0,0,0.0057,0.0,0,0,34.48,251.5,3.22,1.0,-0.5126,3.6526,timeout
0,0,0.0,0.0,0,0,88.78,3480.43,1.24,1.0,-0.0433,3.4609,resource_constraint
0,0,0.0026,0.0006,0,1,32.52,239.41,0.2,1.0,0.0565,-0.0053,dependency_failure
0,0,0.3971,0.0812,3,0,48.1,291.72,1.14,0.92,0.0155,0.0261,data_quality
0,0,0.002,0.0031,0,0,42.07,223.87,3.25,1.0,-0.4768,3.6247,timeout
1,3,0.0014,0.0001,4,0,38.03,327.35,1.01,1.0,-0.0208,0.0429,schema_change
0,0,0.0,0.0,0,0,30.0,293.57,3.57,1.0,-0.7843,2.1852,timeout
0,0,0.0006,0.0001,0,0,41.21,306.93,4.5,1.0,-0.6521,3.5641,timeout
1,2,0.0004,0.0024,3,0,32.08,213.87,0.99,1.0,0.045,0.0372,schema_change
0,0,0.2453,0.2408,9,0,43.71,234.95,1.0,0.52,-0.0586,0.0848,data_quality
0,0,0.0031,0.0006,0,0,87.57,3255.39,0.94,1.0,-0.0434,3.9661,resource_constraint
0,0,0.1865,0.0647,4,0,29.81,261.81,0.98,0.87,-0.0205,0.0909,data_quality
1,2,0.0019,0.0,2,0,38.38,197.68,0.8,1.0,-0.0429,0.042,schema_change
0,0,0.1896,0.1401,13,0,28.52,284.28,0.99,0.7,0.0014,-0.0093,data_quality
0,0,0.0019,0.0023,0,1,32.34,222.04,0.26,1.0,-0.0558,-0.0105,dependency_failure
0,0,0.0051,0.0,0,0,93.56,3042.52,1.21,1.0,0.0089,3.7624,resource_constraint
1,1,0.0042,0.002,2,0,38.43,265.3,0.95,1.0,0.0149,-0.0462,schema_change
0,0,0.0029,0.0012,0,0,30.41,290.19,3.09,1.0,-0.4567,3.0896,timeout
0,0,0.0032,0.0023,0,1,40.59,261.66,0.21,1.0,-0.0146,0.0185,dependency_failure
1,3,0.0017,0.0011,4,0,41.29,133.45,0.92,1.0,-0.0047,0.0352,schema_change
0,0,0.3171,0.2045,9,0,38.5,254.41,1.03,0.69,0.0297,-0.0137,data_quality
0,0,0.0031,0.003,0,1,37.08,231.88,0.27,1.0,0.0618,-0.0206,dependency_failure
0,0,0.0023,0.0,0,0,29.28,232.22,4.12,1.0,-0.618,3.4944,timeout
1,1,0.0054,0.0033,2,0,34.85,278.07,0.99,1.0,0.0327,0.0003,schema_change
1,2,0.0055,0.0011,3,0,44.01,231.83,1.0,1.0,-0.0578,-0.0766,schema_change
0,0,0.0002,0.0,0,0,44.48,220.25,4.12,1.0,-0.7217,4.5005,timeout
0,0,0.0009,0.0004,0,1,34.57,270.18,0.29,1.0,-0.0207,-0.0042,dependency_failure
0,0,0.0062,0.0,0,0,40.13,234.1,3.23,1.0,-0.7494,4.9229,timeout
0,0,0.0029,0.0018,0,1,28.09,226.74,0.16,1.0,-0.0129,-0.062,dependency_failure
0,0,0.0054,0.0,0,1,31.82,241.77,0.27,1.0,-0.0396,0.052,dependency_failure
1,1,0.0019,0.0001,1,0,30.31,246.79,1.11,1.0,-0.0656,0.0072,schema_change
0,0,0.0,0.0011,0,0,96.15,2347.34,1.14,1.0,0.0259,1.5758,resource_constraint
0,0,0.0019,0.0008,0,0,87.26,3264.41,1.05,1.0,-0.0777,3.3408,resource_constraint
0,0,0.0031,0.0015,0,1,33.85,249.78,0.3,1.0,-0.0567,0.0359,dependency_failure
0,0,0.0,0.0,0,0,30.37,206.63,3.11,1.0,-0.4709,2.2679,timeout
0,0,0.0051,0.0014,0,0,38.36,258.38,1.11,1.0,0.004,0.0294,unknown
0,0,0.0016,0.0028,0,0,28.74,305.66,2.16,1.0,-0.697,2.4834,timeout
0,0,0.0024,0.0043,0,0,51.91,296.48,1.07,1.0,-0.0304,-0.0068,unknown
0,0,0.0005,0.0,0,0,38.86,295.98,1.03,0.0,-0.0445,0.0354,unknown
0,0,0.0,0.0031,0,0,47.0,375.64,4.72,1.0,-0.424,4.9485,timeout
0,0,0.0,0.0026,0,0,53.28,336.93,3.34,1.0,-0.4486,2.7053,timeout
0,0,0.0,0.0046,0,0,75.63,258.2,1.01,0.0,-0.0168,-0.0467,unknown
0,0,0.0041,0.0005,0,0,63.1,226.39,1.09,0.0,-0.0783,0.0302,unknown
0,0,0.0004,0.0,0,0,90.15,3046.49,0.95,1.0,-0.1279,3.7958,resource_constraint
0,0,0.0009,0.0014,0,0,34.67,262.17,2.1,1.0,-0.5156,2.6016,timeout
0,0,0.0013,0.0013,0,0,42.52,314.34,3.35,1.0,-0.6787,3.311,timeout
0,0,0.0,0.0016,0,0,56.79,233.95,1.05,1.0,-0.0747,0.0603,unknown
0,0,0.0027,0.0,0,1,30.04,284.42,0.16,1.0,-0.0104,-0.0517,dependency_failure
0,0,0.0014,0.0017,0,0,20.66,266.94,1.05,0.0,-0.0199,0.1043,unknown
1,1,0.0011,0.0061,2,0,44.7,229.86,0.94,1.0,-0.0318,0.0433,schema_change
0,0,0.0,0.0019,0,0,36.37,201.01,2.94,1.0,-0.4442,2.3496,timeout
0,0,0.0017,0.0,0,0,80.0,241.95,1.18,1.0,-0.0255,0.0489,unknown
0,0,0.0,0.0016,0,0,27.43,242.93,3.11,1.0,-0.7073,2.4006,timeout
1,2,0.0,0.0009,3,0,29.89,189.3,0.9,1.0,-0.0251,-0.0132,schema_change
0,0,0.002,0.0015,0,0,94.79,3284.88,1.04,1.0,-0.0755,3.3321,resource_constraint
0,0,0.0005,0.003,0,0,90.09,3118.06,0.94,1.0,-0.0087,3.4833,resource_constraint
1,2,0.0,0.0015,2,0,26.84,182.46,1.11,1.0,-0.0273,-0.0025,schema_change
0,0,0.0,0.002,0,0,90.68,3390.04,1.06,1.0,-0.1134,3.8287,resource_constraint
0,0,0.0017,0.0036,0,1,34.94,253.61,0.23,1.0,0.0594,-0.0226,dependency_failure
0,0,0.0012,0.0,0,0,45.02,259.86,0.95,0.0,0.0221,-0.0627,unknown
1,1,0.0001,0.0009,2,0,29.55,213.93,1.07,1.0,-0.0079,0.0021,schema_change
0,0,0.0,0.0023,0,0,36.46,165.23,1.07,1.0,0.1064,-0.13,unknown
0,0,0.0029,0.0004,0,0,94.17,3470.05,1.0,1.0,0.0054,2.9065,resource_constraint
0,0,0.0021,0.0,0,1,35.76,223.72,0.29,1.0,-0.0587,-0.0074,dependency_failure
0,0,0.3607,0.1046,9,0,40.03,237.4,0.98,0.57,-0.0013,-0.0295,data_quality
0,0,0.0,0.0024,0,1,42.37,226.54,0.22,1.0,-0.0287,0.0054,dependency_failure
1,2,0.0,0.0,2,0,26.86,287.65,0.94,1.0,-0.0997,0.0132,schema_change
0,0,0.0943,0.0611,13,0,32.16,266.59,0.97,0.75,0.0434,-0.047,data_quality
0,0,0.002,0.0,0,0,29.24,250.22,3.69,1.0,-0.4437,2.7821,timeout
0,0,0.0011,0.0031,0,1,25.85,237.06,0.21,1.0,0.0103,-0.0671,dependency_failure
0,0,0.0009,0.0033,0,1,31.12,265.49,0.25,1.0,-0.0093,-0.0246,dependency_failure
0,0,0.0016,0.0,0,0,30.15,345.28,3.62,1.0,-0.5001,4.2164,timeout
0,0,0.0,0.0,0,0,91.17,3097.72,0.9,1.0,0.0643,1.8265,resource_constraint
0,0,0.0006,0.0004,0,1,12.48,286.23,0.11,1.0,-0.0309,0.0358,dependency_failure
0,0,0.31,0.2147,5,0,28.89,250.23,1.09,0.53,0.0311,0.0487,data_quality
0,0,0.0027,0.0016,0,1,20.33,217.73,0.21,1.0,-0.0338,0.0058,dependency_failure
0,0,0.0049,0.0027,0,0,27.23,191.51,4.02,1.0,-0.795,4.2953,timeout
0,0,0.0,0.0032,0,1,35.95,260.53,0.15,1.0,-0.1087,-0.0709,dependency_failure
0,0,0.0029,0.0,0,0,88.48,2839.42,1.07,1.0,-0.0483,2.6864,resource_constraint
0,0,0.0033,0.002,0,0,22.72,324.01,3.25,1.0,-0.5508,2.5359,timeout
0,0,0.0015,0.0025,0,0,37.67,248.3,4.08,1.0,-0.7351,4.7654,timeout
1,2,0.0,0.0004,2,0,49.38,275.63,0.94,1.0,0.0286,0.07,schema_change
0,0,0.0,0.0005,0,1,35.35,282.95,0.25,1.0,0.0339,-0.0185,dependency_failure
0,0,0.0027,0.0019,0,0,25.64,202.46,4.1,1.0,-0.4371,4.7126,timeout
0,0,0.0001,0.0033,0,1,37.64,282.39,0.22,1.0,0.0495,0.0023,dependency_failure
1,3,0.0044,0.0015,4,0,24.96,235.95,1.27,1.0,-0.0617,0.033,schema_change
0,0,0.0005,0.0,0,1,28.58,196.47,0.23,1.0,0.059,-0.0164,dependency_failure
0,0,0.3857,0.2342,3,0,44.45,266.13,0.9,0.89,-0.0398,0.0051,data_quality
0,0,0.0032,0.0,0,1,40.77,265.08,0.18,1.0,-0.0417,-0.018,dependency_failure
0,0,0.0002,0.0026,0,0,86.06,3310.16,0.94,1.0,0.0653,1.5947,resource_constraint
0,0,0.0,0.003,0,1,34.91,176.85,0.12,1.0,0.0424,0.0396,dependency_failure
0,0,0.0007,0.0,0,0,87.56,3418.16,0.88,1.0,-0.031,3.4776,resource_constraint
0,0,0.0014,0.0003,0,0,43.1,279.34,1.03,1.0,-0.0423,0.0505,unknown
1,2,0.0,0.002,2,0,18.03,261.72,0.89,1.0,0.0046,0.0032,schema_change
0,0,0.0,0.0028,0,0,54.34,243.96,0.96,1.0,-0.025,-0.0803,unknown
0,0,0.0031,0.0007,0,0,33.06,252.25,2.82,1.0,-0.4184,3.3536,timeout
0,0,0.0022,0.0023,0,0,45.23,200.14,3.3,1.0,-0.742,3.0188,timeout
0,0,0.0,0.0027,0,0,33.65,248.42,0.9,0.0,-0.0362,0.0145,unknown
0,0,0.0013,0.0026,0,0,29.8,315.84,3.31,1.0,-0.7075,4.8877,timeout
0,0,0.0015,0.0017,0,0,44.19,219.96,1.17,0.0,-0.0155,-0.0241,unknown
0,0,0.0,0.003,0,0,65.25,253.81,1.02,1.0,0.0904,0.044,unknown
0,0,0.0554,0.1202,14,0,43.18,199.45,0.86,0.61,0.0044,0.0487,data_quality
0,0,0.0026,0.0,0,1,37.23,278.94,0.26,1.0,0.046,-0.073,dependency_failure
0,0,0.0006,0.0,0,0,33.79,281.37,3.08,1.0,-0.595,2.8741,timeout
0,0,0.0024,0.0,0,1,22.79,236.29,0.11,1.0,-0.047,0.0123,dependency_failure
0,0,0.0,0.0015,0,0,96.11,3239.13,1.1,1.0,-0.0104,3.9664,resource_constraint
1,1,0.0012,0.0004,2,0,35.73,170.5,0.98,1.0,0.0179,0.0739,schema_change
0,0,0.0016,0.0013,0,0,40.16,232.18,2.7,1.0,-0.5286,3.339,timeout
0,0,0.0,0.0,0,0,99.9,3427.02,0.91,1.0,-0.1077,3.8566,resource_constraint
0,0,0.1582,0.0469,10,0,29.5,305.54,1.23,0.99,-0.0232,-0.0084,data_quality
0,0,0.2188,0.1397,6,0,35.31,305.73,1.01,0.99,-0.0335,0.0074,data_quality
0,0,0.0009,0.0005,0,0,91.47,4096.0,1.01,1.0,0.0939,1.6618,resource_constraint
1,2,0.0,0.0,2,0,30.77,274.75,1.11,1.0,0.1483,-0.0048,schema_change
0,0,0.004,0.0013,0,1,36.62,200.8,0.24,1.0,0.0067,-0.0361,dependency_failure
1,3,0.0,0.0016,4,0,49.07,264.88,1.04,1.0,-0.0027,0.0612,schema_change
0,0,0.0,0.0003,0,0,18.68,246.13,2.99,1.0,-0.6351,3.043,timeout
0,0,0.0036,0.0018,0,0,92.29,3220.37,0.95,1.0,-0.006,1.8082,resource_constraint
0,0,0.0004,0.0007,0,0,90.97,2672.8,0.86,1.0,0.0132,2.9962,resource_constraint
0,0,0.0027,0.0,0,0,52.19,264.93,0.91,1.0,-0.0597,-0.0344,unknown
1,1,0.0014,0.0,1,0,27.46,306.16,1.0,1.0,-0.0837,-0.0536,schema_change
0,0,0.0,0.0029,0,0,76.04,199.22,1.07,0.0,-0.0384,-0.0299,unknown
1,1,0.002,0.0027,1,0,31.98,226.2,0.88,1.0,0.0729,-0.0258,schema_change
0,0,0.0,0.0024,0,0,94.05,2950.06,1.1,1.0,-0.0272,3.0974,resource_constraint
0,0,0.0,0.0,0,0,35.47,245.86,3.67,1.0,-0.5887,4.5116,timeout
0,0,0.0004,0.0,0,1,38.63,267.16,0.23,1.0,0.0424,0.0313,dependency_failure
0,0,0.0012,0.0,0,0,94.86,2753.06,0.75,1.0,-0.0883,2.6161,resource_constraint
0,0,0.0,0.0009,0,0,93.43,3200.86,0.98,1.0,0.0396,2.6394,resource_constraint
0,0,0.0024,0.0034,0,1,23.07,238.29,0.15,1.0,0.0514,0.0739,dependency_failure
0,0,0.0713,0.1814,1,0,24.33,217.53,0.91,0.5,-0.0071,-0.0547,data_quality
0,0,0.3124,0.1873,6,0,35.62,266.01,1.02,0.81,-0.0515,0.0023,data_quality
1,3,0.0,0.0,3,0,34.87,284.0,1.09,1.0,0.0178,0.0024,schema_change
0,0,0.0006,0.001,0,0,52.29,239.25,0.84,1.0,-0.1078,0.0379,unknown
1,2,0.0,0.0,3,0,44.55,210.75,0.95,1.0,0.0231,0.0392,schema_change
0,0,0.0007,0.0,0,1,28.68,276.36,0.18,1.0,-0.0653,0.0327,dependency_failure
0,0,0.0046,0.0018,0,0,36.53,246.01,3.01,1.0,-0.5077,2.7349,timeout
0,0,0.0025,0.0022,0,0,37.1,184.27,2.6,1.0,-0.4356,2.7571,timeout
0,0,0.0001,0.0041,0,1,42.11,227.98,0.22,1.0,-0.0465,-0.0774,dependency_failure
0,0,0.1376,0.2113,13,0,31.87,240.66,1.26,0.73,-0.0081,-0.0687,data_quality
1,3,0.0,0.0,3,0,24.39,280.11,0.95,1.0,0.0082,-0.0217,schema_change
0,0,0.2171,0.1584,10,0,17.06,313.27,0.94,0.79,-0.0148,-0.0179,data_quality
0,0,0.0009,0.0034,0,1,34.26,197.31,0.17,1.0,-0.0919,-0.0833,dependency_failure
0,0,0.0,0.0,0,0,29.08,251.77,3.48,1.0,-0.4731,2.6007,timeout
0,0,0.3544,0.0403,4,0,43.68,209.08,0.94,0.89,0.1056,0.0698,data_quality
0,0,0.0,0.0027,0,0,90.44,3179.48,1.11,1.0,-0.0238,2.8984,resource_constraint
0,0,0.0038,0.0,0,0,85.06,3240.16,1.05,1.0,0.0066,3.1828,resource_constraint
0,0,0.3993,0.2174,7,0,29.05,223.91,0.84,0.7,-0.0636,-0.0624,data_quality
0,0,0.0023,0.0045,0,0,98.62,2482.66,0.94,1.0,-0.0926,3.9414,resource_constraint
1,2,0.0,0.0,2,0,34.16,141.86,1.02,1.0,-0.0528,0.0695,schema_change
0,0,0.063,0.231,3,0,34.4,215.7,0.95,0.84,-0.0504,-0.0026,data_quality
0,0,0.0006,0.0015,0,0,57.38,283.77,1.01,1.0,-0.0157,0.0399,unknown
0,0,0.0007,0.0034,0,0,95.58,3919.78,0.95,1.0,-0.0084,3.848,resource_constraint
0,0,0.0,0.0003,0,0,73.68,175.86,0.92,0.0,-0.0402,0.009,unknown
0,0,0.0,0.0009,0,1,18.15,269.41,0.25,1.0,-0.0312,-0.023,dependency_failure
0,0,0.0003,0.0002,0,0,74.86,286.35,1.0,1.0,0.0001,-0.1116,unknown
0,0,0.0022,0.0016,0,1,36.62,208.09,0.13,1.0,-0.0317,0.0101,dependency_failure
0,0,0.0001,0.0,0,0,93.48,2887.92,1.02,1.0,0.0214,3.9232,resource_constraint
0,0,0.0,0.0002,0,0,94.21,3188.52,1.0,1.0,0.0164,3.1642,resource_constraint
0,0,0.3635,0.1702,10,0,35.92,247.77,1.05,0.67,0.0377,-0.0622,data_quality
0,0,0.001,0.0024,0,0,43.91,248.51,0.93,1.0,0.0105,-0.0275,unknown
1,3,0.0013,0.0017,3,0,54.23,247.7,1.02,1.0,0.0525,0.0553,schema_change
0,0,0.0009,0.0002,0,0,38.71,262.82,0.82,0.0,-0.0115,0.1159,unknown
0,0,0.0005,0.0,0,0,35.94,284.15,3.73,1.0,-0.5974,4.2948,timeout
0,0,0.1002,0.0548,13,0,20.12,285.23,1.17,0.72,-0.0135,-0.0145,data_quality
0,0,0.2642,0.1059,11,0,45.74,297.06,0.92,0.85,0.0645,0.0698,data_quality
0,0,0.3311,0.1492,10,0,25.71,274.21,0.94,0.87,-0.0183,0.0655,data_quality
0,0,0.0002,0.0,0,0,86.58,3031.97,0.98,1.0,-0.1072,2.3686,resource_constraint
1,3,0.0011,0.002,4,0,30.79,163.87,1.11,1.0,-0.0239,-0.0431,schema_change
0,0,0.3381,0.1479,8,0,43.85,339.04,1.0,0.89,-0.0028,-0.0191,data_quality
1,3,0.0008,0.0011,4,0,29.36,220.87,1.01,1.0,-0.0065,0.025,schema_change
0,0,0.0015,0.0043,0,0,29.32,174.09,2.63,1.0,-0.7952,3.9441,timeout
0,0,0.0026,0.0,0,0,27.18,298.17,1.15,0.0,0.0555,-0.0263,unknown
1,2,0.0023,0.0,2,0,27.79,187.53,1.2,1.0,-0.0053,0.089,schema_change
0,0,0.0053,0.0027,0,0,90.9,3208.25,0.84,1.0,-0.0474,2.753,resource_constraint
0,0,0.0,0.0003,0,0,88.28,3001.0,0.94,1.0,-0.0193,2.6885,resource_constraint
0,0,0.0006,0.0018,0,0,35.13,294.36,4.32,1.0,-0.6982,4.5209,timeout
0,0,0.0026,0.0,0,0,64.92,261.13,1.21,1.0,-0.0273,-0.0237,unknown
0,0,0.0009,0.0009,0,0,38.47,262.07,3.33,1.0,-0.4708,2.5186,timeout
0,0,0.1713,0.2438,6,0,36.21,225.97,1.12,0.99,-0.0257,-0.0366,data_quality
0,0,0.0,0.0009,0,0,92.66,3133.76,0.94,1.0,-0.0558,3.3391,resource_constraint
0,0,0.0006,0.0,0,0,36.89,187.16,3.43,1.0,-0.7269,4.9949,timeout
1,3,0.0049,0.0006,4,0,46.92,185.96,0.92,1.0,-0.0052,-0.0822,schema_change
0,0,0.0025,0.0012,0,0,36.35,247.61,2.1,1.0,-0.598,3.8884,timeout
0,0,0.0003,0.0008,0,0,59.65,260.78,1.06,0.0,0.0137,0.0116,unknown
0,0,0.0008,0.0049,0,0,97.39,2978.31,0.92,1.0,0.0003,1.9507,resource_constraint
0,0,0.0019,0.0,0,1,27.67,343.79,0.14,1.0,-0.1289,-0.0157,dependency_failure
0,0,0.0,0.0014,0,0,94.11,3484.93,0.92,1.0,0.0932,2.9012,resource_constraint
0,0,0.0,0.0001,0,0,92.83,3248.71,0.88,1.0,-0.0609,2.1217,resource_constraint
0,0,0.0018,0.0,0,0,45.77,243.71,0.95,0.0,0.0168,-0.0359,unknown
0,0,0.0013,0.0028,0,0,37.72,264.91,2.49,1.0,-0.7832,3.0678,timeout
0,0,0.0,0.0032,0,0,28.31,306.83,2.1,1.0,-0.6095,4.1789,timeout
1,3,0.0005,0.0016,4,0,33.22,277.87,1.1,1.0,0.0494,0.0159,schema_change
1,2,0.0027,0.0012,3,0,34.58,193.12,1.11,1.0,-0.0409,-0.0305,schema_change
0,0,0.0003,0.0,0,0,28.83,236.81,4.53,1.0,-0.6723,4.1308,timeout
0,0,0.0011,0.0003,0,0,58.17,267.96,1.09,1.0,-0.0104,-0.006,unknown
0,0,0.0024,0.0004,0,1,33.84,232.63,0.27,1.0,-0.0483,-0.0567,dependency_failure
0,0,0.0,0.0,0,1,38.58,250.17,0.27,1.0,0.0082,0.0529,dependency_failure
0,0,0.2622,0.1405,5,0,38.09,202.93,1.09,0.51,-0.0885,-0.0289,data_quality
0,0,0.0019,0.0,0,0,88.37,3165.03,1.1,1.0,0.0069,3.3198,resource_constraint
1,2,0.0002,0.0031,2,0,28.9,259.96,0.83,1.0,0.091,0.0603,schema_change
0,0,0.0055,0.0022,0,0,85.67,3482.76,0.95,1.0,0.0653,1.8821,resource_constraint
1,3,0.0021,0.0,4,0,32.13,252.27,1.01,1.0,0.0151,0.0379,schema_change
0,0,0.0018,0.0,0,0,39.45,242.7,2.69,1.0,-0.4728,3.8213,timeout
1,1,0.0037,0.0014,1,0,32.53,276.93,0.97,1.0,-0.0184,0.0637,schema_change
0,0,0.0008,0.0033,0,1,49.85,246.33,0.19,1.0,0.0181,-0.0266,dependency_failure
1,1,0.0028,0.0,1,0,41.84,271.94,0.91,1.0,0.0761,0.0674,schema_change
1,2,0.0022,0.0034,3,0,33.88,231.99,1.0,1.0,0.0301,-0.0722,schema_change
0,0,0.0006,0.0012,0,0,25.0,284.94,3.71,1.0,-0.6876,4.0084,timeout
0,0,0.0021,0.0009,0,0,31.83,235.39,2.1,1.0,-0.4278,2.9301,timeout
0,0,0.0029,0.0,0,1,33.31,247.52,0.21,1.0,0.0372,0.006,dependency_failure
1,3,0.0008,0.0023,3,0,39.83,243.21,0.93,1.0,0.0171,0.0039,schema_change
0,0,0.0015,0.0,0,1,42.73,218.74,0.14,1.0,0.0057,-0.1201,dependency_failure
1,3,0.0042,0.0056,3,0,32.43,231.96,1.01,1.0,-0.0239,-0.0312,schema_change
1,1,0.0,0.004,2,0,30.97,265.25,1.08,1.0,0.0745,-0.0259,schema_change
0,0,0.302,0.1934,9,0,42.62,217.56,1.04,0.61,-0.037,0.0432,data_quality
0,0,0.0,0.0014,0,0,28.99,241.78,3.75,1.0,-0.7746,3.4839,timeout
0,0,0.0023,0.0,0,0,41.77,310.26,3.11,1.0,-0.6652,4.1797,timeout
0,0,0.2257,0.1246,4,0,36.86,222.98,1.05,0.88,0.0734,0.0145,data_quality
1,2,0.0,0.0014,3,0,27.84,214.76,1.16,1.0,0.0986,-0.0107,schema_change
1,3,0.0032,0.0011,3,0,29.9,231.03,0.95,1.0,-0.0475,0.0159,schema_change
0,0,0.2811,0.2061,10,0,38.1,262.93,1.13,0.84,0.0647,0.0272,data_quality
1,1,0.0008,0.0006,2,0,31.48,161.69,0.98,1.0,-0.1034,0.0226,schema_change
0,0,0.2562,0.1245,4,0,30.02,287.51,0.9,0.87,-0.033,-0.0388,data_quality
0,0,0.0,0.0005,0,0,42.43,272.19,0.91,0.0,0.0378,-0.0601,unknown
0,0,0.0,0.0016,0,0,31.74,238.44,1.01,1.0,-0.0306,-0.0689,unknown
1,3,0.0,0.0,4,0,29.62,248.93,0.94,1.0,0.0286,-0.0374,schema_change
0,0,0.0003,0.0015,0,0,88.92,2960.88,0.96,1.0,-0.0255,3.0418,resource_constraint
0,0,0.0014,0.0001,0,0,22.39,234.22,3.56,1.0,-0.5469,3.0844,timeout
0,0,0.0016,0.0007,0,0,37.81,268.19,3.69,1.0,-0.6147,2.8865,timeout
0,0,0.0027,0.0024,0,0,65.41,273.43,1.03,0.0,-0.013,-0.0442,unknown
0,0,0.2842,0.1885,11,0,41.63,224.73,1.03,0.72,-0.0182,-0.0092,data_quality
0,0,0.0007,0.0003,0,1,37.23,281.24,0.18,1.0,0.0198,0.026,dependency_failure
1,1,0.0011,0.0,2,0,38.09,292.7,1.08,1.0,0.0041,0.0653,schema_change
0,0,0.3781,0.1791,8,0,33.05,234.29,0.98,0.58,-0.0011,-0.0014,data_quality
0,0,0.0001,0.0,0,1,22.63,266.82,0.27,1.0,-0.0006,0.0324,dependency_failure
0,0,0.1675,0.1615,7,0,27.86,305.69,1.03,0.96,0.0448,0.0011,data_quality
0,0,0.0016,0.0001,0,0,42.32,273.8,2.81,1.0,-0.6255,4.0189,timeout
0,0,0.0008,0.0,0,0,25.09,304.25,2.89,1.0,-0.7142,3.0953,timeout
0,0,0.1218,0.132,14,0,22.62,234.7,1.0,0.94,0.0515,0.034,data_quality
1,2,0.0,0.0018,2,0,41.66,238.26,1.0,1.0,0.0048,0.0332,schema_change
0,0,0.0,0.0009,0,0,32.33,223.39,3.1,1.0,-0.4994,4.0464,timeout
0,0,0.2311,0.115,4,0,36.29,214.46,1.06,0.6,-0.1101,-0.1149,data_quality
0,0,0.0033,0.0032,0,0,91.94,3683.04,0.95,1.0,0.0115,2.1872,resource_constraint
1,3,0.0,0.0016,4,0,23.85,162.87,0.9,1.0,0.0086,0.0162,schema_change
0,0,0.0037,0.0032,0,0,34.5,211.86,3.84,1.0,-0.6869,2.669,timeout
0,0,0.0044,0.0003,0,0,31.63,246.44,2.71,1.0,-0.7965,4.8105,timeout
0,0,0.0743,0.153,12,0,41.17,264.25,1.13,0.8,-0.0334,-0.0366,data_quality
1,1,0.0027,0.0,1,0,43.42,210.84,1.08,1.0,0.0268,0.0409,schema_change
0,0,0.0,0.0043,0,1,37.53,226.13,0.22,1.0,-0.0935,-0.0178,dependency_failure
0,0,0.3935,0.1648,2,0,23.14,254.5,0.93,0.71,0.0309,-0.0205,data_quality
1,2,0.0016,0.0028,2,0,50.69,295.09,0.96,1.0,-0.0638,-0.0015,schema_change
0,0,0.0001,0.0,0,1,33.81,270.0,0.2,1.0,0.0286,-0.0194,dependency_failure
0,0,0.0016,0.0036,0,0,40.38,244.08,2.52,1.0,-0.7064,4.7086,timeout
0,0,0.0001,0.0,0,1,32.61,270.84,0.21,1.0,-0.0575,-0.0062,dependency_failure
0,0,0.0,0.0018,0,0,33.47,253.25,3.02,1.0,-0.7389,4.3904,timeout
0,0,0.0,0.0,0,0,30.54,233.27,3.55,1.0,-0.7857,2.5926,timeout
0,0,0.0029,0.0017,0,1,57.76,237.63,0.11,1.0,0.0111,0.0399,dependency_failure
0,0,0.0,0.0014,0,0,99.9,2722.83,1.11,1.0,-0.0523,3.0142,resource_constraint
0,0,0.0,0.0039,0,0,31.9,218.12,2.63,1.0,-0.7078,4.2714,timeout
0,0,0.003,0.0028,0,0,30.43,296.83,3.37,1.0,-0.6939,2.3863,timeout
1,3,0.0009,0.0056,3,0,39.37,245.5,0.85,1.0,0.0061,0.0412,schema_change
0,0,0.3343,0.2163,1,0,39.05,314.64,1.08,0.96,0.1381,-0.0777,data_quality
0,0,0.0,0.0,0,0,38.47,287.54,1.09,1.0,-0.1191,-0.0123,unknown
0,0,0.002,0.0,0,0,76.26,240.28,1.17,1.0,0.0392,0.0539,unknown
0,0,0.0009,0.0005,0,0,51.37,289.69,0.87,0.0,-0.0389,-0.0189,unknown
1,1,0.0005,0.0013,2,0,35.89,255.03,1.06,1.0,-0.0283,0.0285,schema_change
0,0,0.0,0.0012,0,0,90.17,2945.99,1.01,1.0,0.0039,3.5006,resource_constraint
0,0,0.0001,0.0,0,0,45.43,241.11,2.56,1.0,-0.7634,4.6498,timeout
0,0,0.2042,0.2273,9,0,37.18,215.81,1.13,0.88,-0.0519,0.0739,data_quality
0,0,0.1757,0.2059,2,0,31.27,190.68,0.92,0.69,-0.0567,-0.0206,data_quality
0,0,0.3132,0.2283,12,0,50.93,216.72,0.94,0.92,-0.0074,0.042,data_quality
0,0,0.3891,0.1314,2,0,43.24,290.12,1.08,0.53,-0.0617,-0.02,data_quality
0,0,0.0007,0.0,0,0,34.28,272.97,1.08,1.0,-0.0575,0.0738,unknown
0,0,0.0013,0.0,0,0,80.0,260.32,1.05,0.0,-0.0311,0.0587,unknown
0,0,0.1049,0.0235,8,0,29.04,236.78,1.03,0.66,0.0457,-0.0126,data_quality
0,0,0.0,0.0038,0,0,44.92,278.8,2.72,1.0,-0.72,2.6673,timeout
0,0,0.0032,0.0023,0,0,85.39,2759.68,1.03,1.0,-0.0126,3.3312,resource_constraint
1,1,0.0,0.0048,1,0,34.51,221.66,0.85,1.0,-0.0902,-0.0792,schema_change
0,0,0.0021,0.0,0,0,85.0,3461.88,1.1,1.0,-0.1105,3.4901,resource_constraint
0,0,0.0,0.0004,0,1,32.45,261.02,0.22,1.0,0.065,0.0044,dependency_failure
0,0,0.0017,0.0017,0,0,36.18,250.77,2.18,1.0,-0.4025,3.5474,timeout
0,0,0.001,0.0003,0,0,97.66,3199.61,1.03,1.0,-0.0915,3.0782,resource_constraint
1,1,0.0,0.0021,2,0,29.79,230.51,0.94,1.0,-0.0432,0.0024,schema_change
0,0,0.0,0.0,0,0,71.91,296.44,1.01,1.0,0.0188,0.0403,unknown
1,1,0.0065,0.0012,2,0,23.75,248.62,0.9,1.0,0.0489,0.0021,schema_change
0,0,0.0014,0.0002,0,0,89.55,3269.09,1.05,1.0,0.0187,2.7352,resource_constraint
1,1,0.0042,0.0019,1,0,33.05,288.56,1.12,1.0,-0.0614,0.0299,schema_change
0,0,0.2701,0.0812,12,0,29.97,230.23,0.97,0.52,-0.0448,-0.0358,data_quality
0,0,0.0038,0.0002,0,1,34.2,258.77,0.26,1.0,0.0432,-0.0051,dependency_failure
0,0,0.0014,0.0007,0,0,89.46,2900.24,0.97,1.0,-0.056,2.9754,resource_constraint
1,2,0.0,0.0,2,0,40.39,245.41,1.02,1.0,0.1285,-0.0554,schema_change
0,0,0.0024,0.0003,0,0,90.73,3499.79,1.13,1.0,0.0066,3.4736,resource_constraint
0,0,0.0,0.0019,0,0,31.87,192.51,3.39,1.0,-0.5615,4.602,timeout
0,0,0.0035,0.0009,0,0,37.01,224.0,2.57,1.0,-0.6872,2.3074,timeout
0,0,0.0022,0.0018,0,0,31.39,195.89,3.2,1.0,-0.4778,3.4658,timeout
0,0,0.0,0.0011,0,0,92.04,3450.87,1.12,1.0,-0.0903,3.122,resource_constraint
0,0,0.2164,0.2001,8,0,28.09,248.75,1.0,0.88,0.0236,-0.0683,data_quality
0,0,0.0,0.0015,0,0,62.32,331.91,0.98,1.0,-0.0355,0.0423,unknown
0,0,0.0,0.0,0,0,27.72,236.04,0.97,1.0,0.0139,-0.1492,unknown
0,0,0.0,0.0011,0,0,28.26,262.25,2.1,1.0,-0.4932,2.7776,timeout
0,0,0.0,0.0005,0,0,23.66,277.14,3.28,1.0,-0.5467,3.1791,timeout
0,0,0.0028,0.0029,0,0,65.79,239.11,0.98,1.0,0.0335,-0.0033,unknown
1,2,0.0,0.0038,3,0,31.92,265.32,1.01,1.0,-0.1065,0.0384,schema_change
0,0,0.1718,0.2252,6,0,38.07,244.32,0.91,0.74,0.0801,-0.0031,data_quality
0,0,0.002,0.0014,0,0,37.23,297.61,3.71,1.0,-0.563,3.2244,timeout
0,0,0.0021,0.0,0,1,19.27,296.25,0.24,1.0,-0.0376,0.0415,dependency_failure
0,0,0.0049,0.0009,0,1,27.56,208.1,0.27,1.0,0.0814,0.0504,dependency_failure
0,0,0.001,0.0,0,0,33.48,179.6,0.99,0.0,0.0074,0.011,unknown
0,0,0.0032,0.0026,0,0,87.62,2959.92,0.8,1.0,0.0284,3.3796,resource_constraint
0,0,0.0029,0.0013,0,0,25.88,218.04,3.33,1.0,-0.6873,2.5279,timeout
0,0,0.0024,0.0014,0,0,92.43,3381.48,1.14,1.0,-0.0056,2.3006,resource_constraint
0,0,0.1541,0.2015,11,0,42.21,309.48,0.89,0.52,-0.0061,-0.0108,data_quality
1,2,0.0009,0.0002,3,0,30.44,263.18,0.85,1.0,0.0375,-0.0208,schema_change
0,0,0.0,0.0032,0,0,55.51,198.63,1.16,0.0,0.0554,0.0106,unknown
0,0,0.0023,0.0012,0,0,88.29,3487.06,1.19,1.0,-0.0564,3.2867,resource_constraint
1,2,0.0027,0.0005,2,0,27.17,232.23,1.04,1.0,0.0378,-0.0461,schema_change
1,3,0.0,0.0011,3,0,25.86,264.31,1.06,1.0,0.0542,0.0527,schema_change
0,0,0.002,0.0,0,0,41.9,272.47,1.1,1.0,0.0183,0.0412,unknown
0,0,0.2123,0.2004,2,0,31.92,271.64,1.09,0.97,-0.0334,-0.0031,data_quality
0,0,0.1754,0.0621,1,0,49.46,261.98,0.94,0.82,0.0487,0.0312,data_quality
1,2,0.0021,0.0014,3,0,35.4,314.42,1.13,1.0,-0.0434,0.0058,schema_change
0,0,0.3846,0.1422,14,0,34.44,214.07,1.03,0.7,0.0412,-0.0826,data_quality
1,2,0.0012,0.0018,2,0,34.33,257.43,1.02,1.0,-0.0406,0.0749,schema_change
0,0,0.095,0.026,13,0,42.74,269.76,0.96,0.84,0.0371,-0.0046,data_quality
0,0,0.0015,0.0005,0,0,32.98,268.17,2.1,1.0,-0.5899,3.7995,timeout
0,0,0.1595,0.0426,7,0,30.68,285.8,0.84,0.76,-0.0452,-0.0904,data_quality
1,2,0.0024,0.0,2,0,24.07,275.45,0.91,1.0,0.0238,0.0652,schema_change
0,0,0.0037,0.0,0,0,93.01,3305.77,1.04,1.0,-0.017,1.687,resource_constraint
0,0,0.0015,0.0022,0,1,45.68,186.28,0.12,1.0,0.0512,0.0319,dependency_failure
0,0,0.003,0.0029,0,1,29.65,225.59,0.22,1.0,0.0385,0.0876,dependency_failure
1,2,0.0,0.0011,2,0,25.12,296.59,1.07,1.0,-0.0146,-0.0235,schema_change
1,2,0.0,0.0001,3,0,30.55,214.11,1.15,1.0,0.0183,0.0105,schema_change
0,0,0.003,0.0003,0,0,60.41,248.35,1.0,0.0,-0.0018,0.0278,unknown
1,3,0.0,0.0,4,0,19.53,201.7,0.89,1.0,0.0341,-0.0083,schema_change
1,1,0.0,0.0021,2,0,25.26,232.05,1.11,1.0,-0.0677,-0.0502,schema_change
0,0,0.0024,0.0037,0,1,21.34,245.9,0.18,1.0,0.1194,0.0722,dependency_failure
1,1,0.0011,0.0009,1,0,23.77,191.87,0.74,1.0,-0.061,0.0007,schema_change
1,3,0.0013,0.0,4,0,48.13,259.97,1.04,1.0,0.0224,-0.0607,schema_change
0,0,0.0018,0.0025,0,1,32.09,258.83,0.26,1.0,-0.0824,-0.0164,dependency_failure
0,0,0.0002,0.0026,0,0,29.94,237.58,3.3,1.0,-0.4773,3.2243,timeout
0,0,0.0044,0.0,0,0,41.84,251.64,1.2,0.0,-0.0536,-0.0005,unknown
0,0,0.0572,0.1036,11,0,38.19,281.41,0.82,0.77,0.0357,-0.0117,data_quality
0,0,0.0,0.0008,0,1,34.44,272.19,0.11,1.0,0.0842,-0.0373,dependency_failure
0,0,0.0,0.0021,0,0,39.77,259.97,3.24,1.0,-0.7872,4.6895,timeout
0,0,0.0044,0.0041,0,0,94.43,2956.38,0.96,1.0,0.0494,3.8885,resource_constraint
0,0,0.0033,0.0008,0,0,65.66,279.52,1.12,1.0,0.0042,0.0756,unknown
1,2,0.0006,0.0,3,0,43.9,217.7,0.99,1.0,0.0466,0.0131,schema_change
0,0,0.3076,0.0833,3,0,33.98,237.83,0.9,0.82,0.0231,-0.1523,data_quality
1,1,0.0021,0.0028,2,0,15.38,312.32,0.98,1.0,-0.0384,-0.0087,schema_change
0,0,0.3522,0.2309,12,0,26.55,235.85,0.88,1.0,0.0476,0.0845,data_quality
0,0,0.0023,0.0,0,0,43.01,203.98,3.05,1.0,-0.4566,2.1516,timeout
0,0,0.0,0.0,0,0,37.44,264.54,1.07,1.0,-0.0198,-0.0007,unknown
0,0,0.0046,0.0,0,0,94.69,3444.38,0.94,1.0,0.102,3.1665,resource_constraint
0,0,0.3414,0.1335,11,0,47.98,200.54,1.07,0.96,0.0236,-0.0441,data_quality
0,0,0.0,0.0028,0,0,44.81,170.06,0.91,1.0,0.0587,-0.03,unknown
0,0,0.1669,0.14,11,0,35.13,292.49,1.12,0.79,0.0399,-0.0425,data_quality
0,0,0.0018,0.0009,0,0,95.16,3225.05,0.78,1.0,-0.0092,2.9309,resource_constraint
0,0,0.0022,0.0034,0,0,62.18,200.08,1.05,0.0,0.0717,0.0255,unknown
0,0,0.0008,0.0,0,0,99.74,3155.72,0.95,1.0,-0.117,1.9494,resource_constraint
0,0,0.0,0.0,0,1,35.15,154.08,0.26,1.0,-0.005,-0.0084,dependency_failure
0,0,0.0,0.003,0,0,51.96,213.7,1.0,0.0,-0.0322,0.005,unknown
1,3,0.0044,0.0058,3,0,41.29,238.51,0.96,1.0,-0.0409,-0.0313,schema_change
0,0,0.001,0.0009,0,0,37.51,277.47,3.31,1.0,-0.5116,4.5627,timeout
1,1,0.0053,0.0023,1,0,30.02,233.27,0.87,1.0,0.005,-0.0815,schema_change
0,0,0.1314,0.1598,6,0,27.15,193.81,1.01,0.7,-0.0159,0.0313,data_quality
0,0,0.0039,0.0055,0,0,90.34,3131.41,0.92,1.0,0.0222,2.3807,resource_constraint
0,0,0.0,0.0006,0,0,60.2,244.26,1.05,0.0,0.0259,-0.0033,unknown
1,1,0.001,0.0,2,0,28.63,263.56,0.92,1.0,-0.0783,-0.0672,schema_change
0,0,0.0008,0.0044,0,0,90.19,2782.06,0.91,1.0,0.0418,1.7945,resource_constraint
1,2,0.0024,0.0003,3,0,39.31,261.85,1.04,1.0,0.0677,0.0344,schema_change
0,0,0.0028,0.0,0,0,88.66,3237.81,0.88,1.0,-0.0104,1.8255,resource_constraint
0,0,0.0,0.0,0,0,93.06,2828.52,0.93,1.0,-0.0515,2.3914,resource_constraint
0,0,0.0024,0.0008,0,0,86.41,2638.87,1.09,1.0,0.0219,3.815,resource_constraint
0,0,0.0,0.0,0,0,63.49,253.83,1.11,1.0,0.0308,0.0587,unknown
0,0,0.0,0.0,0,1,35.73,263.75,0.3,1.0,0.0677,-0.0611,dependency_failure
0,0,0.0019,0.0033,0,0,88.98,3317.64,0.95,1.0,-0.0044,3.5292,resource_constraint
0,0,0.0,0.0031,0,0,25.45,244.44,3.71,1.0,-0.5149,3.4948,timeout
1,2,0.0,0.0009,3,0,39.05,241.97,0.91,1.0,0.0487,-0.0118,schema_change
1,1,0.0033,0.0026,1,0,39.99,275.13,1.0,1.0,-0.0449,0.0038,schema_change
1,1,0.0009,0.0058,2,0,34.82,271.0,1.18,1.0,-0.0438,0.0019,schema_change
1,3,0.0004,0.0,4,0,17.93,248.54,1.01,1.0,0.0533,0.0398,schema_change
0,0,0.0,0.0033,0,0,93.6,3298.58,0.97,1.0,-0.0303,3.615,resource_constraint
1,1,0.0016,0.0014,1,0,47.77,274.04,0.94,1.0,0.0678,-0.037,schema_change
0,0,0.3587,0.2406,8,0,49.65,220.67,0.93,0.6,-0.0438,0.0574,data_quality
1,2,0.0035,0.0008,2,0,27.72,275.54,1.02,1.0,0.0854,0.0494,schema_change
0,0,0.0024,0.003,0,0,87.72,2442.32,1.03,1.0,-0.0858,2.4279,resource_constraint
0,0,0.0011,0.0019,0,0,29.92,233.99,2.94,1.0,-0.7325,3.8132,timeout
0,0,0.0,0.0,0,0,40.99,293.98,1.14,1.0,-0.0395,0.1382,unknown
0,0,0.004,0.0006,0,0,75.01,235.34,1.2,0.0,0.0149,-0.0421,unknown
0,0,0.0001,0.0014,0,0,97.29,3040.52,1.07,1.0,-0.0031,3.1331,resource_constraint
1,2,0.0007,0.0,2,0,44.08,236.0,1.05,1.0,0.1064,0.0344,schema_change
1,3,0.0012,0.0,3,0,22.9,184.53,1.12,1.0,0.0747,0.0089,schema_change
0,0,0.0011,0.0,0,1,40.26,323.83,0.16,1.0,0.0527,0.0356,dependency_failure
0,0,0.3384,0.0212,14,0,42.82,226.59,0.91,0.78,-0.035,-0.0856,data_quality
1,2,0.0007,0.0028,2,0,40.22,186.94,1.15,1.0,0.069,-0.0313,schema_change
1,3,0.0,0.0036,4,0,29.98,230.18,1.04,1.0,-0.0195,-0.0617,schema_change
0,0,0.0037,0.0,0,0,91.29,3444.86,1.06,1.0,-0.0009,3.8872,resource_constraint
0,0,0.0049,0.0017,0,0,50.41,293.16,1.07,1.0,-0.0028,0.0338,unknown
0,0,0.287,0.1402,13,0,20.01,257.38,0.96,0.89,-0.0865,0.0053,data_quality
0,0,0.2706,0.2474,12,0,28.25,258.89,1.01,0.67,0.0003,0.0429,data_quality
0,0,0.0011,0.0,0,1,47.95,200.96,0.29,1.0,-0.0189,0.0616,dependency_failure
0,0,0.0003,0.0013,0,0,42.7,281.86,2.84,1.0,-0.4816,2.816,timeout
0,0,0.0012,0.0015,0,1,30.08,252.49,0.16,1.0,0.0446,-0.0478,dependency_failure
0,0,0.0,0.001,0,0,42.25,228.84,1.06,0.0,0.0393,-0.0309,unknown
1,3,0.0,0.0018,4,0,54.94,249.76,1.08,1.0,0.0041,-0.0049,schema_change
1,3,0.0055,0.0019,3,0,43.68,269.6,1.12,1.0,-0.0434,0.0723,schema_change
0,0,0.0003,0.0,0,0,93.18,3532.57,0.92,1.0,-0.0048,3.8282,resource_constraint
0,0,0.1013,0.1788,4,0,32.12,350.15,1.08,0.97,0.0042,0.0156,data_quality
0,0,0.0035,0.0018,0,0,42.11,326.19,2.77,1.0,-0.6033,2.1489,timeout
0,0,0.0011,0.0005,0,1,42.9,315.8,0.11,1.0,-0.0469,-0.0261,dependency_failure
0,0,0.0,0.0,0,0,89.73,3360.7,0.98,1.0,0.037,1.5732,resource_constraint
0,0,0.0037,0.0037,0,0,31.17,225.12,4.76,1.0,-0.7462,3.5576,timeout
1,1,0.003,0.0009,2,0,49.17,224.92,1.18,1.0,0.0354,-0.0281,schema_change
0,0,0.0036,0.0004,0,0,40.32,283.74,4.71,1.0,-0.5738,2.5323,timeout
0,0,0.0,0.001,0,1,31.66,303.44,0.3,1.0,0.0469,0.0709,dependency_failure
0,0,0.1569,0.0563,9,0,49.41,306.37,0.95,0.59,0.0316,-0.0046,data_quality
0,0,0.0,0.0021,0,0,38.41,190.32,2.98,1.0,-0.7347,2.7532,timeout
0,0,0.0015,0.0015,0,0,31.58,263.14,3.57,1.0,-0.758,4.853,timeout
1,3,0.0037,0.0036,4,0,42.22,169.52,1.1,1.0,-0.0025,-0.1265,schema_change
0,0,0.2864,0.1111,12,0,30.6,333.11,1.1,0.57,0.0768,-0.0334,data_quality
1,3,0.0031,0.0,3,0,22.36,250.64,0.98,1.0,0.0412,0.0446,schema_change
0,0,0.3149,0.1595,9,0,24.16,205.33,1.07,0.58,0.0362,-0.0441,data_quality
0,0,0.0005,0.0,0,0,39.77,226.43,2.63,1.0,-0.6222,2.302,timeout
0,0,0.0,0.0034,0,0,43.34,239.76,2.8,1.0,-0.481,3.391,timeout
0,0,0.0028,0.0,0,0,90.41,3155.31,1.11,1.0,0.0411,1.8153,resource_constraint
0,0,0.0,0.0005,0,1,50.73,268.68,0.1,1.0,0.1091,-0.0871,dependency_failure
0,0,0.0021,0.0,0,0,91.25,3572.43,1.11,1.0,0.0489,3.0953,resource_constraint
0,0,0.0028,0.0,0,0,50.7,252.39,0.98,1.0,0.0378,-0.0266,unknown
0,0,0.0,0.0004,0,0,80.0,210.98,1.09,0.0,0.0436,-0.0216,unknown
0,0,0.0,0.0019,0,0,33.3,264.33,0.96,0.0,0.003,-0.0158,unknown
0,0,0.3278,0.1721,14,0,26.06,296.54,0.99,0.55,0.04,-0.0082,data_quality
0,0,0.0014,0.0017,0,1,20.09,221.94,0.15,1.0,-0.065,-0.0383,dependency_failure
1,3,0.0021,0.0027,4,0,26.48,297.73,0.93,1.0,-0.0332,0.0135,schema_change
1,1,0.0,0.0042,2,0,41.24,210.53,1.15,1.0,-0.0127,-0.0607,schema_change
0,0,0.001,0.001,0,0,45.55,302.26,0.95,1.0,-0.0404,0.0375,unknown
1,3,0.0013,0.0,4,0,31.25,174.49,0.93,1.0,0.0622,-0.0412,schema_change
0,0,0.0013,0.0034,0,0,97.3,2863.68,1.14,1.0,-0.0541,2.1576,resource_constraint
0,0,0.001,0.0,0,0,49.31,297.9,3.68,1.0,-0.7795,3.9247,timeout
1,1,0.0018,0.0007,2,0,18.72,279.28,1.11,1.0,-0.085,-0.0203,schema_change
0,0,0.1617,0.1156,9,0,34.71,228.74,0.84,0.95,0.0173,0.1256,data_quality
0,0,0.2306,0.0901,12,0,30.27,264.33,0.88,0.84,-0.0747,-0.1062,data_quality
1,1,0.0013,0.0008,2,0,32.15,225.45,1.02,1.0,0.0233,0.0243,schema_change
0,0,0.0,0.0019,0,0,67.02,129.58,1.07,1.0,-0.008,-0.0425,unknown
0,0,0.0011,0.0011,0,0,85.0,3270.12,1.14,1.0,0.0661,2.2383,resource_constraint
0,0,0.0,0.0016,0,0,39.5,286.01,0.97,0.0,0.0736,-0.0295,unknown
1,1,0.0007,0.0026,1,0,38.07,155.21,0.97,1.0,0.0099,-0.0717,schema_change
0,0,0.0005,0.0,0,0,66.33,332.85,1.01,0.0,0.047,0.0172,unknown
1,3,0.0006,0.0014,4,0,39.62,335.39,1.02,1.0,0.0828,-0.0231,schema_change
0,0,0.0014,0.0,0,0,37.88,237.1,0.98,1.0,-0.025,0.0127,unknown
0,0,0.002,0.0001,0,0,59.21,241.57,1.04,0.0,0.0739,-0.0391,unknown
0,0,0.1383,0.2208,6,0,26.25,280.24,1.09,0.58,-0.0352,-0.038,data_quality
0,0,0.0,0.0038,0,0,96.33,3586.57,0.92,1.0,0.0517,3.0082,resource_constraint
0,0,0.0631,0.1224,8,0,37.97,269.82,1.04,0.56,-0.0202,0.0253,data_quality
0,0,0.0,0.0,0,0,44.75,270.5,3.62,1.0,-0.5643,2.6514,timeout
0,0,0.0006,0.0,0,0,61.44,228.57,1.04,0.0,0.0073,0.0176,unknown
1,2,0.002,0.0007,2,0,40.18,310.92,0.98,1.0,-0.0117,0.079,schema_change
0,0,0.0004,0.0045,0,0,42.56,314.49,3.17,1.0,-0.6737,4.2984,timeout
0,0,0.0061,0.0021,0,1,42.69,167.98,0.24,1.0,0.0051,0.0778,dependency_failure
0,0,0.0011,0.0016,0,1,35.58,219.38,0.12,1.0,0.0348,-0.0221,dependency_failure
0,0,0.0003,0.0046,0,0,30.64,324.16,3.71,1.0,-0.5566,3.2111,timeout
1,3,0.0031,0.0005,3,0,34.48,282.3,1.08,1.0,-0.0019,-0.0222,schema_change
0,0,0.0,0.0025,0,0,90.18,3013.1,1.05,1.0,0.03,2.234,resource_constraint
0,0,0.0,0.0044,0,0,31.13,217.95,2.77,1.0,-0.4586,4.0954,timeout
0,0,0.1089,0.2117,7,0,37.68,214.16,0.86,0.6,0.0614,0.0244,data_quality
0,0,0.0001,0.0,0,0,41.51,258.44,3.5,1.0,-0.6074,3.4384,timeout
0,0,0.0,0.0,0,0,35.64,297.38,1.06,0.0,-0.0342,0.0209,unknown
0,0,0.0017,0.0023,0,1,32.55,288.71,0.22,1.0,-0.076,-0.0668,dependency_failure
0,0,0.0005,0.0009,0,0,93.67,3101.06,0.96,1.0,-0.0199,1.6407,resource_constraint
0,0,0.3826,0.2404,14,0,31.88,208.74,0.92,0.55,-0.0905,0.0441,data_quality
0,0,0.0034,0.0,0,0,46.25,278.28,1.07,1.0,0.0301,-0.0295,unknown
0,0,0.0,0.0,0,0,51.37,254.28,0.99,1.0,-0.0113,-0.02,unknown
0,0,0.3356,0.2463,3,0,27.67,291.87,1.08,0.95,0.0469,-0.0295,data_quality
0,0,0.0015,0.001,0,1,29.18,207.95,0.14,1.0,-0.0698,-0.0034,dependency_failure
0,0,0.268,0.2056,9,0,28.23,299.98,1.08,0.92,-0.002,-0.0209,data_quality
1,2,0.0001,0.0011,3,0,35.79,189.31,0.95,1.0,0.0141,-0.0438,schema_change
0,0,0.0009,0.0,0,0,46.64,247.94,1.07,0.0,0.0099,0.102,unknown
0,0,0.0009,0.0021,0,0,51.28,308.54,3.62,1.0,-0.4004,2.04,timeout
1,3,0.0006,0.003,3,0,37.05,249.2,1.06,1.0,-0.0086,-0.0012,schema_change
0,0,0.0008,0.0,0,0,37.82,189.15,2.42,1.0,-0.7124,4.3186,timeout
0,0,0.0026,0.001,0,0,46.6,250.39,0.93,0.0,0.0504,-0.0289,unknown
0,0,0.3992,0.224,2,0,28.36,320.49,1.02,0.91,0.0873,0.0249,data_quality
0,0,0.0024,0.0,0,0,36.48,206.37,4.8,1.0,-0.7822,4.0525,timeout
0,0,0.0,0.0024,0,1,41.89,227.72,0.15,1.0,-0.1526,-0.1374,dependency_failure
0,0,0.0037,0.0,0,0,91.96,3028.02,1.06,1.0,0.0922,2.0057,resource_constraint
1,2,0.0004,0.0,2,0,22.88,304.67,1.16,1.0,-0.0125,0.0288,schema_change
0,0,0.0017,0.0017,0,0,94.56,3361.4,0.79,1.0,-0.004,3.2469,resource_constraint
0,0,0.0,0.0,0,1,48.84,294.66,0.23,1.0,-0.0089,0.0738,dependency_failure
0,0,0.0002,0.0008,0,0,25.63,268.8,3.02,1.0,-0.6869,2.476,timeout
0,0,0.0,0.0,0,0,90.58,2405.17,1.01,1.0,-0.0046,2.0479,resource_constraint
1,3,0.0034,0.0003,4,0,30.98,214.16,0.91,1.0,0.0177,-0.001,schema_change
1,1,0.0024,0.0036,1,0,32.91,254.82,0.9,1.0,-0.0639,-0.0822,schema_change
0,0,0.0024,0.0016,0,1,42.12,351.26,0.19,1.0,-0.0394,0.0518,dependency_failure
1,3,0.0,0.0,4,0,50.9,286.45,1.01,1.0,0.0632,-0.0423,schema_change
0,0,0.0015,0.001,0,0,54.87,292.99,3.11,1.0,-0.6761,4.8152,timeout
0,0,0.0039,0.0008,0,1,46.99,245.19,0.2,1.0,-0.0216,-0.0279,dependency_failure
0,0,0.0,0.001,0,0,49.31,275.3,0.89,1.0,-0.0677,0.0199,unknown
0,0,0.0054,0.0017,0,0,66.4,270.21,1.04,1.0,0.0097,-0.0217,unknown
0,0,0.0018,0.0052,0,0,85.55,3206.92,0.98,1.0,0.0213,3.1626,resource_constraint
0,0,0.0007,0.0026,0,0,91.95,2923.35,1.08,1.0,-0.0425,3.5482,resource_constraint
0,0,0.0,0.0,0,0,59.46,224.59,1.0,0.0,-0.0711,0.035,unknown
0,0,0.0042,0.0,0,0,33.12,287.11,3.39,1.0,-0.5709,3.569,timeout
1,1,0.0035,0.0,1,0,43.56,212.65,1.08,1.0,-0.0307,0.0166,schema_change
0,0,0.2868,0.1663,11,0,33.8,297.67,0.99,0.7,-0.056,-0.0197,data_quality
0,0,0.367,0.2129,5,0,31.95,197.18,1.03,0.74,-0.0132,-0.0079,data_quality
1,1,0.0,0.0,1,0,47.46,272.25,1.08,1.0,-0.0328,-0.0769,schema_change
0,0,0.0021,0.0013,0,1,45.08,284.08,0.26,1.0,-0.0244,-0.0086,dependency_failure
0,0,0.0018,0.0007,0,0,29.26,356.32,3.45,1.0,-0.7228,2.7345,timeout
1,2,0.0016,0.0004,2,0,27.25,216.65,1.22,1.0,-0.0089,-0.0682,schema_change
0,0,0.0,0.0014,0,0,39.07,293.68,3.29,1.0,-0.6436,2.8008,timeout
0,0,0.0,0.0016,0,0,55.73,205.14,0.92,0.0,-0.0625,0.0584,unknown
0,0,0.0,0.0011,0,0,89.72,3416.75,1.06,1.0,0.026,3.8307,resource_constraint
0,0,0.0025,0.0042,0,1,30.88,249.56,0.29,1.0,0.0913,-0.0988,dependency_failure
0,0,0.0011,0.0008,0,1,25.23,164.5,0.27,1.0,0.0532,-0.1291,dependency_failure
0,0,0.0733,0.2108,3,0,30.14,179.38,1.17,0.78,-0.0645,0.0029,data_quality
0,0,0.0032,0.0,0,0,29.27,267.56,3.1,1.0,-0.783,2.9358,timeout
0,0,0.1642,0.0248,3,0,26.66,203.11,1.05,0.88,-0.0275,0.0158,data_quality
0,0,0.0003,0.0006,0,0,31.3,239.73,2.96,1.0,-0.6452,3.8783,timeout
0,0,0.0,0.0016,0,0,86.16,3243.83,1.19,1.0,-0.0442,2.8231,resource_constraint
0,0,0.0021,0.0033,0,1,54.77,207.91,0.22,1.0,-0.0146,0.0308,dependency_failure
0,0,0.0005,0.0043,0,1,45.55,268.46,0.28,1.0,0.0026,0.0387,dependency_failure
0,0,0.2984,0.2463,10,0,29.63,170.79,0.95,0.53,-0.0036,-0.0322,data_quality
0,0,0.296,0.2023,5,0,25.41,261.2,0.8,0.81,-0.0362,-0.0164,data_quality
1,1,0.0006,0.0032,2,0,41.6,282.54,1.13,1.0,0.0011,0.0341,schema_change
0,0,0.002,0.0027,0,1,39.06,239.94,0.26,1.0,-0.032,0.0092,dependency_failure
0,0,0.263,0.2433,12,0,32.53,278.47,0.95,0.69,0.0011,-0.0256,data_quality
0,0,0.1069,0.1004,13,0,39.67,245.98,0.99,0.66,0.0205,-0.0116,data_quality
0,0,0.0,0.0011,0,0,90.99,3142.93,1.06,1.0,0.0314,3.5737,resource_constraint
0,0,0.0,0.0,0,0,96.3,3397.28,1.01,1.0,-0.0121,3.8947,resource_constraint
0,0,0.3988,0.1927,13,0,36.79,298.08,0.99,0.82,-0.0143,0.0242,data_quality
0,0,0.0006,0.0,0,0,33.27,300.44,0.95,1.0,-0.0567,0.0347,unknown
0,0,0.0045,0.0023,0,0,21.99,225.79,2.92,1.0,-0.4611,3.4275,timeout
0,0,0.0,0.0,0,0,34.55,253.64,3.35,1.0,-0.5228,2.1314,timeout
0,0,0.0054,0.0,0,0,94.17,3034.66,0.95,1.0,0.0544,3.3832,resource_constraint
0,0,0.0009,0.0017,0,1,41.01,272.23,0.13,1.0,0.0175,-0.028,dependency_failure
0,0,0.0,0.0001,0,1,35.47,167.01,0.1,1.0,0.0989,0.0253,dependency_failure
1,2,0.0,0.0,3,0,28.31,174.61,1.02,1.0,0.0856,-0.0031,schema_change
0,0,0.1159,0.0329,9,0,30.71,282.54,1.12,0.54,-0.0165,-0.0108,data_quality
0,0,0.0,0.004,0,0,92.53,3508.39,0.94,1.0,-0.0616,2.2129,resource_constraint
0,0,0.0054,0.0,0,0,20.0,237.57,1.01,0.0,0.0182,-0.0305,unknown
1,3,0.0,0.0018,4,0,33.47,252.7,1.04,1.0,-0.0175,-0.0498,schema_change
0,0,0.0008,0.0018,0,1,32.55,359.56,0.2,1.0,0.0867,0.0582,dependency_failure
0,0,0.0942,0.2439,6,0,35.67,248.66,1.12,0.62,0.0021,-0.0271,data_quality
0,0,0.0832,0.0216,8,0,39.51,279.45,0.88,0.58,-0.0177,-0.0146,data_quality
0,0,0.0013,0.0,0,0,93.79,2792.08,0.91,1.0,-0.0162,1.668,resource_constraint
0,0,0.0019,0.0027,0,1,37.47,313.95,0.15,1.0,0.0366,0.0586,dependency_failure
0,0,0.001,0.0025,0,1,31.95,252.34,0.2,1.0,-0.0418,-0.0104,dependency_failure
0,0,0.0691,0.0922,11,0,41.45,185.54,1.02,0.75,-0.008,0.1339,data_quality
0,0,0.1418,0.0756,14,0,43.99,331.95,0.89,0.74,-0.0476,0.0161,data_quality
0,0,0.0046,0.0,0,0,43.11,244.52,0.98,0.0,0.0498,0.0027,unknown
0,0,0.0005,0.0038,0,0,47.32,215.76,1.13,1.0,0.0268,-0.0109,unknown
0,0,0.0071,0.0034,0,0,95.03,2934.9,1.02,1.0,0.0018,3.4559,resource_constraint
0,0,0.0,0.0011,0,0,93.46,2943.69,1.0,1.0,-0.0093,3.5531,resource_constraint
0,0,0.0011,0.0013,0,0,38.59,193.66,3.3,1.0,-0.597,3.0043,timeout
0,0,0.0,0.0005,0,0,38.4,209.68,0.89,0.0,0.0012,-0.0536,unknown
0,0,0.0027,0.0019,0,0,90.38,3056.69,1.17,1.0,-0.0832,2.5007,resource_constraint
0,0,0.0016,0.0,0,0,99.9,2900.13,1.03,1.0,-0.0626,2.5043,resource_constraint
0,0,0.0,0.0007,0,0,73.11,312.71,0.9,1.0,0.059,0.0061,unknown
0,0,0.0035,0.0004,0,0,64.2,207.46,1.07,1.0,0.0015,0.0317,unknown
0,0,0.001,0.0033,0,0,95.66,2954.21,0.97,1.0,0.0572,2.9364,resource_constraint
0,0,0.0014,0.0016,0,0,94.49,3247.47,1.1,1.0,-0.0901,1.9413,resource_constraint
0,0,0.0,0.0,0,0,92.7,3353.24,0.97,1.0,0.0768,2.5337,resource_constraint
0,0,0.0,0.0017,0,0,37.51,223.04,2.43,1.0,-0.5257,4.2745,timeout
0,0,0.0004,0.0025,0,0,97.52,3172.31,1.05,1.0,0.0148,2.9604,resource_constraint
0,0,0.0,0.0004,0,0,34.38,273.0,2.72,1.0,-0.5883,4.7588,timeout
0,0,0.0031,0.0045,0,0,85.1,3294.19,0.98,1.0,0.048,3.015,resource_constraint
0,0,0.0,0.0009,0,0,78.5,247.49,1.23,1.0,-0.0221,-0.0435,unknown
0,0,0.0048,0.0,0,0,68.25,214.44,0.99,0.0,-0.041,-0.0585,unknown
0,0,0.0028,0.0003,0,0,85.13,3410.44,1.13,1.0,0.0421,3.31,resource_constraint
0,0,0.0012,0.0012,0,1,33.87,230.28,0.27,1.0,0.0924,-0.0052,dependency_failure
1,1,0.0027,0.0026,2,0,22.99,239.25,0.96,1.0,0.0322,0.0782,schema_change
0,0,0.0021,0.0044,0,1,41.24,206.1,0.11,1.0,-0.0138,0.0128,dependency_failure
0,0,0.003,0.005,0,1,48.59,203.78,0.28,1.0,0.0163,-0.0677,dependency_failure
0,0,0.0,0.0012,0,0,39.4,280.3,3.14,1.0,-0.4574,3.2401,timeout
0,0,0.149,0.2258,11,0,21.35,244.34,0.92,0.51,0.0917,0.0299,data_quality
0,0,0.0003,0.0027,0,0,66.21,207.95,0.84,0.0,0.0656,-0.0568,unknown
0,0,0.001,0.0,0,0,33.9,325.16,3.67,1.0,-0.5157,4.5359,timeout
1,3,0.0038,0.0013,3,0,31.15,204.08,0.94,1.0,-0.091,0.0457,schema_change
1,2,0.0018,0.0,3,0,46.55,145.61,1.04,1.0,-0.0054,-0.0368,schema_change
0,0,0.0002,0.0013,0,1,42.26,270.67,0.29,1.0,-0.0395,0.0488,dependency_failure
0,0,0.0015,0.0006,0,1,38.89,259.1,0.14,1.0,0.0189,-0.0126,dependency_failure
0,0,0.0005,0.0033,0,1,45.6,283.56,0.28,1.0,-0.1713,0.0222,dependency_failure
0,0,0.0034,0.0013,0,1,45.22,250.78,0.13,1.0,0.0494,-0.0114,dependency_failure
0,0,0.0014,0.0018,0,0,86.99,3546.29,1.04,1.0,0.0371,1.9453,resource_constraint
0,0,0.0035,0.002,0,0,35.23,292.69,4.0,1.0,-0.566,3.5139,timeout
0,0,0.003,0.0016,0,0,99.9,3263.92,1.09,1.0,-0.0151,3.177,resource_constraint
0,0,0.0007,0.0002,0,0,87.59,3336.53,1.05,1.0,0.0826,1.867,resource_constraint
0,0,0.2557,0.2087,1,0,21.07,235.15,0.84,0.7,0.0302,-0.0338,data_quality
0,0,0.0028,0.0,0,0,56.26,289.64,1.14,0.0,-0.0079,-0.0248,unknown
1,1,0.0042,0.0003,1,0,28.09,169.39,0.87,1.0,0.0365,0.0158,schema_change
1,2,0.0,0.0,3,0,37.42,280.11,0.96,1.0,-0.0133,0.0001,schema_change
0,0,0.001,0.0004,0,1,42.84,176.78,0.17,1.0,0.0913,-0.0627,dependency_failure
0,0,0.0,0.0022,0,0,98.92,3189.46,1.07,1.0,-0.0257,3.9244,resource_constraint
0,0,0.002,0.0042,0,1,36.98,300.93,0.21,1.0,0.071,-0.0413,dependency_failure
0,0,0.0,0.0011,0,1,32.55,188.05,0.18,1.0,-0.0405,0.0631,dependency_failure
0,0,0.0007,0.0039,0,0,43.16,299.36,1.0,0.0,0.0641,0.0114,unknown
0,0,0.3437,0.1467,1,0,44.91,139.96,1.04,0.58,-0.0691,-0.059,data_quality
0,0,0.0,0.0024,0,0,41.66,257.83,3.52,1.0,-0.7597,2.7612,timeout
0,0,0.0021,0.004,0,0,51.56,260.54,1.02,1.0,-0.0033,0.0178,unknown
0,0,0.0,0.0002,0,0,51.05,298.79,0.88,0.0,-0.0446,0.0759,unknown
0,0,0.0006,0.0,0,0,53.96,213.06,0.98,0.0,-0.0185,0.0089,unknown
0,0,0.0002,0.0014,0,0,40.16,258.78,3.34,1.0,-0.6485,2.187,timeout
0,0,0.1068,0.1319,14,0,34.69,219.14,1.05,0.87,-0.0345,0.0056,data_quality
1,1,0.0,0.0028,1,0,39.0,341.55,0.9,1.0,-0.0104,-0.0064,schema_change
0,0,0.0011,0.0,0,0,94.19,3578.11,1.0,1.0,-0.0293,2.617,resource_constraint
0,0,0.0013,0.002,0,1,22.07,325.55,0.23,1.0,0.0574,0.0028,dependency_failure
1,1,0.0,0.0027,2,0,37.86,222.28,1.09,1.0,0.0154,0.0406,schema_change
0,0,0.0,0.0022,0,0,88.33,2406.65,0.83,1.0,0.0205,3.3142,resource_constraint
0,0,0.2217,0.0793,6,0,41.37,258.3,0.96,0.94,0.048,-0.0021,data_quality
1,1,0.0,0.0,1,0,21.64,320.59,0.88,1.0,-0.0408,0.0658,schema_change
1,2,0.0021,0.0022,3,0,30.94,240.55,0.88,1.0,-0.0177,-0.0518,schema_change
0,0,0.0013,0.001,0,0,89.59,2989.74,1.12,1.0,0.0294,3.6921,resource_constraint
0,0,0.0,0.0011,0,1,42.51,240.48,0.2,1.0,-0.0299,-0.0292,dependency_failure
0,0,0.0027,0.0004,0,0,27.18,230.95,3.33,1.0,-0.5141,4.248,timeout
0,0,0.0066,0.003,0,0,40.59,219.31,1.23,0.0,-0.0107,0.0024,unknown
0,0,0.0012,0.0,0,0,59.73,221.01,1.0,1.0,-0.0336,0.0175,unknown
0,0,0.0,0.0012,0,1,36.15,305.67,0.23,1.0,-0.0335,0.0433,dependency_failure
0,0,0.0027,0.0,0,1,19.37,247.23,0.18,1.0,-0.024,0.0633,dependency_failure
0,0,0.0033,0.0,0,0,91.31,3378.96,1.08,1.0,0.0412,3.897,resource_constraint
0,0,0.0,0.0035,0,0,37.95,258.98,3.38,1.0,-0.7444,4.982,timeout
0,0,0.0,0.0016,0,0,88.7,3197.28,1.08,1.0,-0.0111,3.5615,resource_constraint
0,0,0.3535,0.0761,9,0,41.23,246.35,0.89,0.98,0.0797,-0.0196,data_quality
0,0,0.0,0.0,0,0,42.26,255.44,2.33,1.0,-0.7866,4.3813,timeout
0,0,0.1214,0.2101,12,0,30.88,219.37,1.0,0.78,-0.1099,0.066,data_quality
0,0,0.0008,0.0027,0,0,24.59,282.48,3.34,1.0,-0.6873,4.1535,timeout
0,0,0.0,0.0001,0,0,91.53,3166.74,0.96,1.0,0.0664,3.452,resource_constraint
0,0,0.0,0.0004,0,0,95.62,3124.66,1.13,1.0,-0.0118,2.7741,resource_constraint
0,0,0.002,0.0,0,0,36.78,279.79,3.12,1.0,-0.5436,2.2059,timeout
1,1,0.0,0.0023,1,0,25.39,277.68,1.13,1.0,0.0315,0.0536,schema_change
0,0,0.0009,0.0006,0,0,44.61,245.51,0.95,0.0,0.0532,-0.0014,unknown
0,0,0.0016,0.0,0,1,48.17,242.87,0.3,1.0,0.0116,0.0088,dependency_failure
1,2,0.0,0.0,3,0,40.25,192.56,0.88,1.0,0.0247,-0.0083,schema_change
0,0,0.0,0.0027,0,0,95.83,2851.19,0.92,1.0,0.0362,2.9089,resource_constraint
0,0,0.0003,0.0017,0,0,89.66,2669.81,1.0,1.0,0.0739,1.7073,resource_constraint
0,0,0.0,0.0045,0,0,26.38,279.17,3.53,1.0,-0.4196,4.2816,timeout
0,0,0.1051,0.1567,9,0,24.33,237.4,1.15,0.8,0.033,0.0223,data_quality
0,0,0.0006,0.0,0,1,36.2,279.84,0.17,1.0,-0.0396,0.0956,dependency_failure
0,0,0.0006,0.0013,0,0,91.94,3477.47,1.03,1.0,-0.0455,2.9261,resource_constraint
1,3,0.0021,0.0,3,0,37.35,261.33,0.92,1.0,0.027,-0.0641,schema_change
0,0,0.0017,0.0021,0,0,62.31,248.93,0.9,0.0,-0.0056,-0.0933,unknown
0,0,0.0,0.0012,0,0,26.42,246.58,3.3,1.0,-0.7245,2.2424,timeout
0,0,0.003,0.0,0,1,30.4,239.53,0.22,1.0,0.0064,0.0088,dependency_failure
0,0,0.0025,0.0008,0,0,88.69,2818.98,0.82,1.0,0.0325,1.7546,resource_constraint
0,0,0.0,0.0,0,0,92.79,3488.06,1.19,1.0,0.0318,2.1171,resource_constraint
0,0,0.0026,0.0009,0,0,34.37,255.76,3.42,1.0,-0.706,4.4008,timeout
0,0,0.0026,0.0016,0,1,37.78,276.82,0.14,1.0,-0.1528,-0.0193,dependency_failure
0,0,0.3148,0.1291,4,0,44.69,211.39,1.17,0.61,0.0455,-0.0732,data_quality
0,0,0.0013,0.0023,0,1,32.12,201.79,0.22,1.0,-0.0342,-0.0222,dependency_failure
0,0,0.0,0.0,0,1,40.9,195.03,0.24,1.0,0.0648,0.0124,dependency_failure
0,0,0.0063,0.0011,0,1,45.32,201.98,0.17,1.0,-0.054,-0.0051,dependency_failure
0,0,0.213,0.0753,9,0,30.77,172.55,0.8,0.73,-0.0507,-0.0329,data_quality
0,0,0.3102,0.1536,9,0,42.84,302.99,0.93,0.69,-0.0042,0.0974,data_quality
0,0,0.2618,0.1488,6,0,19.13,147.16,0.8,0.74,-0.0146,-0.0133,data_quality
1,2,0.0038,0.0005,2,0,37.31,260.41,0.99,1.0,0.0405,0.0397,schema_change
0,0,0.0627,0.1468,3,0,38.52,246.07,0.82,0.85,0.0166,0.0182,data_quality
0,0,0.0031,0.0,0,0,56.38,247.11,1.12,0.0,0.0128,0.0746,unknown
0,0,0.0,0.0045,0,1,36.72,327.74,0.16,1.0,0.126,0.0308,dependency_failure
0,0,0.0009,0.0003,0,1,35.48,233.95,0.2,1.0,0.0012,-0.0881,dependency_failure
0,0,0.0021,0.0012,0,0,55.35,258.54,1.04,0.0,-0.0782,0.0131,unknown
0,0,0.0003,0.0008,0,0,36.02,225.36,2.57,1.0,-0.4811,3.4962,timeout
0,0,0.0052,0.005,0,0,59.19,299.89,1.0,0.0,0.1009,0.0576,unknown
0,0,0.0,0.0,0,1,36.14,172.85,0.22,1.0,0.0098,0.0561,dependency_failure
0,0,0.0011,0.0018,0,0,90.6,2906.99,0.91,1.0,-0.0938,3.2626,resource_constraint
0,0,0.0013,0.0,0,1,34.16,200.61,0.14,1.0,0.0517,-0.0861,dependency_failure
0,0,0.0,0.0,0,0,39.86,230.48,2.35,1.0,-0.6855,2.9797,timeout
1,3,0.0002,0.0008,4,0,39.12,297.77,1.01,1.0,-0.075,0.0316,schema_change
0,0,0.0,0.0,0,1,38.83,188.03,0.23,1.0,0.059,-0.0323,dependency_failure
0,0,0.1597,0.1627,10,0,28.52,231.41,0.92,0.82,-0.0725,0.0124,data_quality
0,0,0.0024,0.0,0,1,33.34,246.42,0.26,1.0,-0.0103,-0.0884,dependency_failure
0,0,0.0008,0.0012,0,1,22.91,246.54,0.23,1.0,0.1043,0.0491,dependency_failure
0,0,0.0,0.0011,0,0,97.8,3037.34,0.91,1.0,-0.0215,3.9739,resource_constraint
0,0,0.0023,0.002,0,0,90.35,3497.99,0.97,1.0,0.0834,2.0816,resource_constraint
0,0,0.0004,0.0011,0,0,90.22,3336.59,0.85,1.0,-0.0782,3.6207,resource_constraint
0,0,0.0,0.0034,0,1,31.55,304.25,0.12,1.0,0.0478,0.029,dependency_failure
0,0,0.0009,0.0,0,1,21.67,325.51,0.23,1.0,-0.0749,0.081,dependency_failure
0,0,0.0,0.0028,0,1,43.04,244.61,0.2,1.0,0.0216,0.0191,dependency_failure
0,0,0.0,0.0,0,0,29.51,234.29,3.16,1.0,-0.4817,4.1192,timeout
0,0,0.0,0.0036,0,0,21.1,266.37,3.62,1.0,-0.4343,4.136,timeout
0,0,0.0018,0.0014,0,0,57.64,217.3,1.09,1.0,0.0516,-0.0186,unknown
0,0,0.0,0.0006,0,1,30.03,246.2,0.1,1.0,-0.0349,-0.0138,dependency_failure
1,1,0.0034,0.0,1,0,48.05,219.13,1.03,1.0,0.0503,-0.0126,schema_change
0,0,0.0003,0.0011,0,0,68.38,201.54,1.04,0.0,0.0902,-0.0207,unknown
0,0,0.0025,0.0027,0,0,52.63,276.9,0.94,1.0,-0.0495,0.0582,unknown
0,0,0.0014,0.0,0,1,30.67,286.07,0.15,1.0,0.099,-0.0877,dependency_failure
0,0,0.0004,0.0012,0,0,90.09,3825.93,1.0,1.0,0.0145,1.8804,resource_constraint
0,0,0.0037,0.0,0,0,90.9,3321.02,0.91,1.0,-0.0586,1.6827,resource_constraint
0,0,0.0568,0.2053,7,0,23.66,183.27,0.98,0.55,-0.0508,-0.1163,data_quality
0,0,0.0721,0.1587,3,0,41.7,231.8,0.96,0.53,-0.0614,0.065,data_quality
0,0,0.0009,0.0018,0,0,41.41,230.73,0.9,0.0,-0.0604,0.0925,unknown
0,0,0.0692,0.067,3,0,41.86,216.87,0.8,0.71,0.0073,0.0397,data_quality
1,2,0.003,0.002,3,0,36.84,309.2,1.03,1.0,-0.0317,0.0146,schema_change
1,3,0.0012,0.0,3,0,44.15,263.54,0.96,1.0,0.0316,0.1135,schema_change
0,0,0.0024,0.0,0,0,87.6,3197.12,0.76,1.0,-0.0073,3.1867,resource_constraint
0,0,0.1313,0.1132,5,0,46.11,282.44,0.9,0.63,-0.0187,-0.0323,data_quality
1,1,0.0,0.0,2,0,40.24,275.43,0.95,1.0,-0.0993,-0.0305,schema_change
0,0,0.0,0.0002,0,0,58.21,214.43,1.04,0.0,0.0066,0.0246,unknown
1,3,0.002,0.0008,3,0,38.72,256.67,1.03,1.0,-0.0083,0.0404,schema_change
0,0,0.0016,0.0,0,1,37.61,257.6,0.2,1.0,0.0595,0.0439,dependency_failure
0,0,0.0024,0.0048,0,0,38.72,246.35,1.07,0.0,-0.0416,0.0184,unknown
0,0,0.0025,0.0,0,0,40.55,260.0,2.6,1.0,-0.6856,2.1381,timeout
0,0,0.0027,0.0,0,0,96.83,3248.86,0.8,1.0,0.0502,1.9253,resource_constraint
0,0,0.0028,0.0045,0,0,23.9,277.74,3.91,1.0,-0.4687,3.9134,timeout
0,0,0.1306,0.1776,3,0,36.46,275.08,0.97,0.99,0.0226,-0.0605,data_quality
1,3,0.0005,0.0012,3,0,50.79,234.84,0.89,1.0,0.0091,-0.0388,schema_change
0,0,0.0019,0.0043,0,0,91.75,3269.82,1.25,1.0,0.0291,2.3003,resource_constraint
0,0,0.0,0.0002,0,0,27.29,195.78,2.69,1.0,-0.5486,3.376,timeout
0,0,0.0042,0.0,0,1,45.82,175.34,0.18,1.0,0.008,-0.0472,dependency_failure
0,0,0.0019,0.0009,0,1,38.69,281.35,0.16,1.0,-0.0258,-0.0071,dependency_failure
1,3,0.0016,0.0025,4,0,31.97,204.45,0.87,1.0,-0.029,-0.0476,schema_change
1,2,0.0,0.0,2,0,46.89,241.18,1.03,1.0,0.0527,0.0232,schema_change
0,0,0.0,0.0,0,0,94.21,3136.77,0.92,1.0,0.0057,3.5267,resource_constraint
0,0,0.0002,0.0014,0,0,42.76,264.54,2.15,1.0,-0.5502,2.8424,timeout
0,0,0.0,0.0014,0,0,90.66,3076.55,1.1,1.0,-0.0445,3.1725,resource_constraint
0,0,0.0,0.0004,0,0,41.5,238.03,2.28,1.0,-0.5988,3.2484,timeout
1,1,0.0011,0.0002,2,0,35.91,276.49,1.16,1.0,-0.0619,0.1067,schema_change
0,0,0.0001,0.0025,0,0,49.76,254.21,0.96,0.0,0.0133,0.0621,unknown
0,0,0.0017,0.0,0,0,96.18,2602.43,0.81,1.0,0.0266,3.589,resource_constraint
0,0,0.1931,0.0952,6,0,39.45,173.8,0.96,0.87,0.0861,-0.0384,data_quality
0,0,0.0024,0.0014,0,0,42.73,218.41,1.17,1.0,0.0044,0.1038,unknown
0,0,0.0039,0.0,0,0,51.75,321.34,1.0,0.0,-0.0959,0.0284,unknown
0,0,0.0026,0.0,0,0,38.15,372.39,1.08,1.0,-0.0272,-0.025,unknown
0,0,0.0045,0.0006,0,1,35.32,212.39,0.27,1.0,-0.067,-0.0275,dependency_failure
0,0,0.0,0.0017,0,0,93.35,3313.69,1.23,1.0,0.006,1.9568,resource_constraint
0,0,0.0,0.0022,0,1,28.39,259.57,0.19,1.0,0.1114,-0.0344,dependency_failure
0,0,0.0008,0.0002,0,0,38.53,273.67,3.54,1.0,-0.4505,4.1414,timeout
0,0,0.1071,0.0773,6,0,57.89,261.93,0.89,0.67,-0.0517,0.0307,data_quality
1,3,0.0,0.0002,4,0,31.71,192.22,0.83,1.0,0.0015,0.0538,schema_change
0,0,0.0019,0.0,0,1,40.54,297.31,0.1,1.0,0.054,0.0688,dependency_failure
0,0,0.1871,0.2046,1,0,37.26,256.76,0.97,0.67,-0.0189,-0.0421,data_quality
0,0,0.0002,0.0,0,0,38.43,188.97,4.05,1.0,-0.7158,2.4189,timeout
0,0,0.0036,0.0,0,0,91.93,3438.48,0.87,1.0,-0.0876,3.605,resource_constraint
0,0,0.0581,0.2263,11,0,24.93,200.45,1.1,0.61,-0.0688,-0.0089,data_quality
0,0,0.0578,0.2199,7,0,32.48,260.72,1.07,0.78,-0.0026,0.0008,data_quality
0,0,0.0039,0.0,0,0,46.82,197.81,0.91,1.0,0.0552,0.028,unknown
0,0,0.0038,0.0031,0,0,68.34,237.53,0.97,1.0,0.0173,-0.0065,unknown
0,0,0.1621,0.2301,11,0,43.95,300.98,0.98,0.7,0.0549,0.0179,data_quality
0,0,0.0,0.0033,0,0,47.44,205.45,1.13,0.0,0.0168,0.0036,unknown
0,0,0.0015,0.0,0,0,90.59,3121.85,0.86,1.0,-0.0032,2.7475,resource_constraint
0,0,0.3314,0.118,9,0,37.71,212.48,1.02,1.0,-0.0513,0.055,data_quality
0,0,0.0017,0.0052,0,1,33.38,216.6,0.27,1.0,0.0375,-0.0095,dependency_failure
0,0,0.0025,0.0075,0,0,92.5,2966.33,1.01,1.0,-0.0093,1.804,resource_constraint
0,0,0.0021,0.0005,0,0,38.12,228.07,3.6,1.0,-0.4106,2.4593,timeout
0,0,0.0015,0.0014,0,0,87.99,3045.84,1.2,1.0,0.0041,3.3575,resource_constraint
0,0,0.0,0.0035,0,1,48.65,229.59,0.23,1.0,0.0386,-0.0337,dependency_failure
0,0,0.0002,0.0,0,0,41.85,222.77,1.12,1.0,0.0338,-0.0347,unknown
0,0,0.0029,0.0019,0,0,29.55,290.98,2.72,1.0,-0.7794,4.6281,timeout
0,0,0.3479,0.2037,2,0,30.16,286.42,1.16,0.63,0.0228,-0.0748,data_quality
1,2,0.0014,0.0011,2,0,24.12,279.85,1.06,1.0,0.1082,-0.0154,schema_change
0,0,0.1822,0.0343,9,0,23.39,307.37,1.02,0.67,0.0385,-0.088,data_quality
0,0,0.0,0.0014,0,0,43.11,232.92,0.95,1.0,0.1213,-0.0637,unknown
0,0,0.0017,0.0012,0,0,34.23,264.67,2.77,1.0,-0.5729,4.0696,timeout
0,0,0.0025,0.0025,0,1,37.53,257.24,0.18,1.0,0.0648,0.0203,dependency_failure
0,0,0.2796,0.0985,13,0,27.06,227.85,0.89,0.87,0.0128,0.0684,data_quality
0,0,0.0028,0.0044,0,0,79.42,253.7,1.1,1.0,0.0691,-0.0726,unknown
1,1,0.0,0.0005,2,0,32.0,278.44,1.04,1.0,-0.018,0.058,schema_change
0,0,0.002,0.0,0,1,28.07,270.29,0.11,1.0,-0.0583,0.075,dependency_failure
0,0,0.2497,0.1202,4,0,33.57,209.36,1.06,0.71,-0.0074,0.0337,data_quality
0,0,0.0014,0.0005,0,0,55.13,273.63,0.94,0.0,0.0786,0.0629,unknown
0,0,0.399,0.1977,3,0,50.05,252.44,0.84,0.88,-0.0457,-0.1065,data_quality
0,0,0.3292,0.2188,9,0,36.23,248.31,1.01,0.73,-0.1357,0.0128,data_quality
0,0,0.0,0.0,0,0,96.23,3570.33,1.0,1.0,-0.0464,2.7908,resource_constraint
0,0,0.0,0.0021,0,0,27.21,274.55,2.46,1.0,-0.6635,2.0847,timeout
0,0,0.0016,0.0028,0,0,88.11,2755.89,0.97,1.0,-0.0267,2.6728,resource_constraint
0,0,0.0023,0.0,0,0,27.1,234.84,3.14,1.0,-0.4476,2.0431,timeout
1,2,0.0,0.0042,3,0,41.59,261.72,1.09,1.0,-0.0305,-0.0158,schema_change
1,3,0.0,0.0,3,0,41.73,264.78,1.08,1.0,0.0458,0.0969,schema_change
1,3,0.0012,0.003,4,0,29.75,218.29,1.07,1.0,-0.0813,0.0046,schema_change
0,0,0.0008,0.0002,0,0,42.37,304.95,0.94,1.0,0.0424,-0.043,unknown
0,0,0.0012,0.0013,0,1,49.23,256.51,0.16,1.0,-0.0053,0.0049,dependency_failure
0,0,0.0025,0.0026,0,0,24.55,268.76,3.22,1.0,-0.5495,3.3736,timeout
0,0,0.0016,0.0009,0,1,39.5,185.78,0.29,1.0,0.0109,0.0731,dependency_failure
0,0,0.0051,0.0037,0,0,87.76,2902.69,0.95,1.0,0.0801,3.9545,resource_constraint
0,0,0.0,0.0016,0,0,36.77,193.04,4.02,1.0,-0.5484,4.6346,timeout
0,0,0.0004,0.0,0,0,43.27,180.49,3.56,1.0,-0.4393,2.6353,timeout
0,0,0.0011,0.0,0,0,44.99,145.38,1.17,0.0,0.0278,-0.0058,unknown
0,0,0.0,0.0028,0,0,62.48,282.53,1.13,0.0,-0.0383,-0.0277,unknown
0,0,0.0018,0.0032,0,0,97.0,2899.43,0.99,1.0,0.001,2.1393,resource_constraint
0,0,0.2735,0.0316,4,0,38.37,300.23,1.06,0.96,-0.0168,-0.0049,data_quality
0,0,0.0,0.0029,0,0,70.09,292.76,1.04,1.0,-0.0616,-0.0164,unknown
0,0,0.0,0.0014,0,0,32.86,197.5,2.67,1.0,-0.4535,2.9146,timeout
0,0,0.0024,0.0011,0,0,97.86,3175.08,0.77,1.0,0.0015,3.9588,resource_constraint
0,0,0.0,0.0017,0,0,61.39,203.69,1.15,0.0,0.0204,0.0769,unknown
0,0,0.0031,0.0026,0,0,62.63,297.15,0.97,1.0,0.0433,0.0554,unknown
0,0,0.3701,0.2133,1,0,30.1,214.09,1.11,0.92,0.0252,-0.0285,data_quality
0,0,0.0,0.0,0,0,54.96,267.89,0.94,0.0,0.002,-0.0537,unknown
0,0,0.002,0.0042,0,0,38.16,198.98,3.98,1.0,-0.5921,2.0128,timeout
0,0,0.0,0.003,0,1,42.74,281.75,0.12,1.0,0.0572,-0.0466,dependency_failure
0,0,0.0045,0.0023,0,0,88.16,2883.96,0.93,1.0,0.0411,3.1202,resource_constraint
1,2,0.0,0.0035,2,0,33.28,229.16,1.02,1.0,-0.0673,0.0412,schema_change
0,0,0.0,0.0,0,1,30.19,281.27,0.14,1.0,0.0035,0.0226,dependency_failure
0,0,0.2823,0.0472,7,0,47.47,188.78,1.16,0.98,-0.0186,-0.0121,data_quality
1,2,0.0001,0.0,2,0,32.57,196.17,0.92,1.0,-0.0238,0.0437,schema_change
0,0,0.0,0.0003,0,0,33.85,265.99,2.63,1.0,-0.4474,3.9831,timeout
1,3,0.0022,0.0,3,0,38.64,242.42,0.85,1.0,-0.0281,-0.0782,schema_change
0,0,0.0001,0.0017,0,0,72.75,298.44,0.97,1.0,0.1096,-0.0022,unknown
0,0,0.0,0.001,0,1,37.45,275.32,0.13,1.0,-0.0155,-0.0071,dependency_failure
0,0,0.3551,0.1162,4,0,24.08,211.04,1.07,0.72,-0.0654,-0.0799,data_quality
0,0,0.0022,0.0007,0,0,90.49,2826.72,0.81,1.0,0.0185,2.8521,resource_constraint
0,0,0.0,0.0,0,1,40.99,306.09,0.25,1.0,0.0015,-0.0148,dependency_failure
0,0,0.3091,0.1449,13,0,35.64,314.02,1.09,0.76,0.0223,-0.0001,data_quality
0,0,0.0,0.0012,0,0,30.42,280.18,0.97,1.0,0.0506,0.0214,unknown
0,0,0.3601,0.2077,2,0,31.83,292.74,1.06,0.51,0.1152,-0.074,data_quality
0,0,0.0011,0.0,0,0,59.13,254.9,1.18,1.0,0.0003,0.0601,unknown
0,0,0.3706,0.0862,12,0,36.4,300.03,1.11,0.59,-0.0165,0.0124,data_quality
0,0,0.0005,0.0027,0,0,24.19,284.45,3.58,1.0,-0.654,3.2805,timeout
0,0,0.0025,0.0018,0,0,93.7,3210.95,1.06,1.0,0.0271,1.5809,resource_constraint
0,0,0.0044,0.0,0,0,93.64,2885.4,1.19,1.0,0.0698,1.6312,resource_constraint
0,0,0.0029,0.003,0,1,18.88,283.14,0.21,1.0,0.0096,0.0572,dependency_failure
0,0,0.0023,0.0024,0,1,41.82,221.77,0.16,1.0,-0.0294,0.0313,dependency_failure
0,0,0.003,0.0,0,0,36.54,265.19,2.83,1.0,-0.4072,4.043,timeout
0,0,0.0031,0.0,0,0,41.58,277.38,3.56,1.0,-0.7699,4.1294,timeout
0,0,0.2921,0.2029,11,0,41.05,249.9,1.11,0.58,-0.0521,-0.0452,data_quality
0,0,0.0022,0.0035,0,0,55.11,245.46,4.09,1.0,-0.4052,4.4738,timeout
1,3,0.0,0.0,4,0,41.16,300.74,1.04,1.0,0.047,-0.0434,schema_change
1,2,0.004,0.0,3,0,36.73,206.11,0.94,1.0,-0.0419,-0.0304,schema_change
0,0,0.0003,0.0024,0,0,45.25,182.01,1.11,0.0,-0.0163,0.0799,unknown
0,0,0.0,0.0005,0,0,88.99,3553.23,1.17,1.0,0.0031,2.4478,resource_constraint
0,0,0.0024,0.0023,0,0,96.64,3404.55,0.86,1.0,0.1048,1.9328,resource_constraint
0,0,0.0,0.0013,0,0,36.11,164.22,4.02,1.0,-0.7029,3.0578,timeout
0,0,0.3223,0.0707,10,0,41.25,260.74,0.88,0.58,-0.0073,-0.0037,data_quality
1,1,0.0043,0.0047,2,0,32.48,288.33,1.14,1.0,-0.0754,-0.0256,schema_change
0,0,0.0678,0.162,9,0,39.06,213.36,1.11,0.6,-0.0697,-0.0283,data_quality
0,0,0.1749,0.166,7,0,35.44,235.67,1.16,0.59,0.0672,-0.0906,data_quality
1,2,0.0004,0.0008,2,0,46.29,248.02,0.97,1.0,0.0194,-0.0348,schema_change
0,0,0.0,0.0015,0,1,35.07,227.34,0.11,1.0,-0.0149,-0.0433,dependency_failure
0,0,0.0,0.0049,0,0,90.09,2882.99,0.97,1.0,0.0079,2.4388,resource_constraint
0,0,0.0007,0.0017,0,0,69.86,295.58,1.05,0.0,-0.0477,-0.0573,unknown
0,0,0.0008,0.0,0,1,34.62,248.22,0.21,1.0,0.0388,-0.0691,dependency_failure
0,0,0.0015,0.0013,0,1,45.76,267.5,0.2,1.0,-0.0506,0.0544,dependency_failure
0,0,0.0015,0.0,0,0,38.32,302.0,3.34,1.0,-0.6877,2.1285,timeout
1,3,0.0021,0.0031,4,0,38.78,260.24,1.1,1.0,0.0833,0.0507,schema_change
0,0,0.0012,0.0027,0,1,22.73,251.32,0.3,1.0,0.007,0.0192,dependency_failure
0,0,0.0016,0.0026,0,1,36.85,259.95,0.24,1.0,0.0587,-0.0424,dependency_failure
0,0,0.0,0.005,0,1,42.45,147.62,0.29,1.0,-0.0733,0.026,dependency_failure
0,0,0.0044,0.0033,0,0,34.84,295.37,0.91,1.0,0.0165,0.0302,unknown
0,0,0.0021,0.0023,0,0,42.14,285.7,3.47,1.0,-0.5332,2.8126,timeout
0,0,0.0,0.0,0,0,94.93,3277.19,1.05,1.0,0.0579,2.813,resource_constraint
0,0,0.3016,0.151,6,0,32.08,345.52,1.02,0.87,-0.0136,-0.0418,data_quality
0,0,0.0015,0.0039,0,1,36.03,228.7,0.14,1.0,-0.0186,0.0295,dependency_failure
0,0,0.0003,0.0033,0,1,48.98,169.69,0.23,1.0,-0.0219,0.0733,dependency_failure
0,0,0.0007,0.0015,0,0,90.3,2805.77,1.18,1.0,0.015,3.9349,resource_constraint
0,0,0.0033,0.0,0,0,27.67,298.77,2.83,1.0,-0.7734,4.3188,timeout
1,1,0.0021,0.0004,2,0,38.21,269.99,0.87,1.0,0.0575,-0.015,schema_change
0,0,0.0,0.0022,0,1,37.78,211.43,0.25,1.0,-0.0769,0.0201,dependency_failure
0,0,0.0,0.0014,0,0,57.08,236.27,1.04,1.0,0.0095,0.0229,unknown
1,3,0.0031,0.0014,3,0,34.56,261.42,1.05,1.0,0.0323,0.0278,schema_change
0,0,0.0,0.0,0,0,69.61,276.38,1.16,1.0,0.0378,0.0653,unknown
0,0,0.2784,0.0341,9,0,36.86,269.96,0.97,0.76,0.0098,0.0269,data_quality
0,0,0.3314,0.137,8,0,48.99,291.6,0.93,0.53,-0.0667,-0.0193,data_quality
0,0,0.0,0.0,0,0,85.0,3157.9,1.01,1.0,0.0058,3.3561,resource_constraint
0,0,0.2981,0.0773,6,0,37.94,270.68,1.04,0.66,-0.067,0.0615,data_quality
0,0,0.0,0.0,0,0,42.73,233.1,0.89,0.0,-0.0636,-0.0405,unknown
0,0,0.0003,0.0023,0,0,94.65,3284.88,1.02,1.0,-0.0183,1.82,resource_constraint
0,0,0.0006,0.0013,0,0,87.92,3085.94,0.92,1.0,-0.0235,2.1449,resource_constraint
0,0,0.0018,0.0022,0,1,28.82,149.79,0.28,1.0,-0.0073,0.014,dependency_failure
0,0,0.0,0.0031,0,0,35.29,221.21,3.81,1.0,-0.4675,2.3509,timeout
0,0,0.0,0.0,0,0,96.28,3620.72,0.95,1.0,-0.1683,1.6825,resource_constraint
0,0,0.2708,0.1248,10,0,23.71,278.28,1.27,0.74,0.0073,-0.0913,data_quality
0,0,0.0028,0.0008,0,0,27.31,225.38,3.72,1.0,-0.5295,2.1202,timeout
0,0,0.3871,0.231,7,0,26.31,215.27,1.01,0.88,0.0552,-0.0128,data_quality
0,0,0.0002,0.0,0,1,37.65,260.36,0.18,1.0,-0.0002,0.0307,dependency_failure
0,0,0.003,0.0019,0,1,34.5,257.08,0.17,1.0,-0.0125,0.0187,dependency_failure
0,0,0.2884,0.1847,7,0,35.68,313.8,1.01,0.8,0.0758,0.0601,data_quality
0,0,0.1199,0.0287,13,0,34.66,257.46,0.98,0.82,-0.0867,0.1384,data_quality
0,0,0.0,0.0027,0,0,28.97,270.32,0.93,1.0,0.0443,-0.0765,unknown
0,0,0.0013,0.0053,0,0,46.2,223.93,3.41,1.0,-0.5157,2.6192,timeout
0,0,0.0004,0.002,0,1,19.7,234.26,0.25,1.0,-0.0027,0.0251,dependency_failure
0,0,0.0077,0.0004,0,0,34.48,243.64,2.38,1.0,-0.5936,2.1013,timeout
0,0,0.0004,0.0009,0,1,26.59,192.09,0.13,1.0,-0.0025,-0.0538,dependency_failure
0,0,0.0001,0.0,0,0,44.26,257.29,1.0,0.0,-0.0403,-0.0103,unknown
1,1,0.0031,0.0,2,0,36.06,222.0,1.12,1.0,-0.0762,-0.0279,schema_change
0,0,0.3268,0.2047,4,0,21.04,213.13,0.89,0.86,0.033,0.0399,data_quality
0,0,0.0014,0.0,0,0,45.79,254.95,1.02,1.0,0.0427,0.0783,unknown
0,0,0.0006,0.0025,0,0,38.53,199.75,3.57,1.0,-0.4574,3.475,timeout
0,0,0.0026,0.002,0,1,31.22,184.37,0.18,1.0,-0.0005,-0.0549,dependency_failure
0,0,0.0008,0.0007,0,0,34.34,312.8,2.38,1.0,-0.6554,2.3393,timeout
0,0,0.0,0.0,0,1,32.16,309.24,0.21,1.0,-0.0263,0.0365,dependency_failure
1,1,0.0,0.0006,1,0,25.82,245.42,1.06,1.0,-0.0614,0.083,schema_change
0,0,0.1636,0.2457,10,0,31.87,259.69,1.02,0.57,-0.0006,-0.0353,data_quality
0,0,0.0011,0.0039,0,0,53.92,256.71,1.04,0.0,-0.0111,-0.0373,unknown
0,0,0.0023,0.0002,0,0,66.69,193.95,1.1,1.0,0.0143,-0.0291,unknown
0,0,0.0021,0.0,0,0,66.81,184.43,0.83,1.0,0.0598,-0.06,unknown
0,0,0.1838,0.0848,9,0,49.15,262.8,0.86,0.86,-0.0221,0.0055,data_quality
1,2,0.0004,0.0008,3,0,28.61,217.19,0.87,1.0,-0.0234,-0.0577,schema_change
1,1,0.0029,0.0048,1,0,50.06,281.45,1.1,1.0,0.0066,0.026,schema_change
1,1,0.0008,0.0018,2,0,40.52,233.95,1.02,1.0,0.0006,0.0049,schema_change
0,0,0.0,0.002,0,1,43.49,164.02,0.11,1.0,0.0704,0.0116,dependency_failure
0,0,0.0022,0.0015,0,1,39.26,250.1,0.18,1.0,-0.0,0.0312,dependency_failure
0,0,0.1297,0.1543,10,0,33.33,182.62,1.16,0.69,0.0607,0.0342,data_quality
0,0,0.0,0.0028,0,0,94.09,3431.09,0.94,1.0,0.0964,3.4757,resource_constraint
0,0,0.0016,0.0,0,1,36.86,303.73,0.26,1.0,0.0603,-0.0615,dependency_failure
1,2,0.0026,0.0,3,0,44.04,264.92,0.96,1.0,-0.0579,0.0283,schema_change
0,0,0.0,0.0051,0,0,89.96,3020.1,1.02,1.0,0.0356,2.7185,resource_constraint
0,0,0.0029,0.0016,0,1,31.14,245.2,0.16,1.0,-0.038,0.0272,dependency_failure
0,0,0.0017,0.0,0,1,22.91,252.67,0.24,1.0,-0.0174,-0.048,dependency_failure
0,0,0.3812,0.1154,10,0,39.37,269.36,1.0,0.66,0.0439,-0.0336,data_quality
0,0,0.0037,0.0032,0,0,50.07,272.02,2.94,1.0,-0.7603,2.6325,timeout
0,0,0.0,0.0,0,1,38.63,279.79,0.23,1.0,0.094,0.0184,dependency_failure
0,0,0.3261,0.1768,2,0,28.83,314.38,1.02,0.94,0.0318,-0.0411,data_quality
1,2,0.0008,0.0023,3,0,41.24,256.04,0.88,1.0,0.0095,0.07,schema_change
0,0,0.0,0.0001,0,1,37.23,255.48,0.24,1.0,-0.0698,0.0471,dependency_failure
0,0,0.0009,0.0034,0,0,43.22,272.33,3.15,1.0,-0.5277,4.1445,timeout
0,0,0.0,0.0,0,0,28.07,302.87,3.64,1.0,-0.6234,4.7165,timeout
0,0,0.0057,0.0059,0,1,26.23,327.41,0.21,1.0,-0.0034,0.0009,dependency_failure
0,0,0.0011,0.0,0,1,31.1,283.1,0.19,1.0,0.0451,0.0624,dependency_failure
0,0,0.0006,0.0,0,1,36.58,224.9,0.2,1.0,0.0974,-0.0577,dependency_failure
0,0,0.0014,0.0028,0,0,24.72,287.08,2.1,1.0,-0.522,4.1099,timeout
0,0,0.0012,0.0047,0,1,45.05,184.31,0.24,1.0,0.0435,0.0229,dependency_failure
1,1,0.0,0.0027,2,0,37.72,232.46,1.04,1.0,-0.0477,0.0055,schema_change
1,2,0.0004,0.0003,2,0,39.45,291.75,1.05,1.0,0.0682,0.127,schema_change
0,0,0.3119,0.2411,10,0,26.21,181.31,0.88,0.73,-0.0213,0.0067,data_quality
1,3,0.0,0.0004,4,0,39.2,377.48,1.01,1.0,0.0486,0.0772,schema_change
0,0,0.0028,0.0,0,0,48.81,199.87,1.15,1.0,0.04,0.0076,unknown
0,0,0.3939,0.2297,12,0,43.64,287.71,1.05,0.72,0.0536,-0.044,data_quality
0,0,0.0,0.0049,0,1,33.55,244.45,0.27,1.0,-0.0082,0.1167,dependency_failure
0,0,0.0003,0.0007,0,0,36.82,248.2,3.63,1.0,-0.6375,4.7171,timeout
0,0,0.0005,0.0011,0,0,28.09,247.93,3.56,1.0,-0.7911,4.7397,timeout
0,0,0.29,0.072,11,0,34.12,298.71,1.03,0.57,0.0545,0.06,data_quality
0,0,0.0013,0.002,0,0,34.96,265.44,3.66,1.0,-0.5204,2.9629,timeout
0,0,0.0015,0.0029,0,0,40.14,304.11,1.16,0.0,0.0398,0.0612,unknown
1,1,0.0003,0.0008,1,0,19.6,356.94,1.1,1.0,0.1041,-0.0579,schema_change
0,0,0.0898,0.0986,5,0,43.55,198.56,0.89,0.98,0.128,0.0875,data_quality
0,0,0.0,0.0,0,0,92.32,3233.87,1.09,1.0,-0.0155,2.0726,resource_constraint
1,3,0.0,0.0,4,0,40.54,268.3,1.1,1.0,0.0285,-0.0284,schema_change
0,0,0.0028,0.0032,0,0,53.21,309.53,2.87,1.0,-0.5702,4.7009,timeout
0,0,0.2477,0.0613,5,0,23.02,304.53,0.97,0.55,-0.0244,0.0794,data_quality
0,0,0.0012,0.0,0,0,50.98,308.36,1.08,0.0,-0.0082,0.0017,unknown
0,0,0.0006,0.0012,0,0,93.74,2738.03,1.0,1.0,0.0212,2.8432,resource_constraint
0,0,0.3566,0.2001,8,0,37.7,254.45,1.12,0.58,0.0191,-0.0011,data_quality
0,0,0.0,0.0009,0,0,28.99,177.81,3.56,1.0,-0.5257,3.7671,timeout
0,0,0.0035,0.0027,0,0,35.84,231.42,4.28,1.0,-0.6858,4.5294,timeout
0,0,0.0023,0.0005,0,0,63.81,283.27,1.08,0.0,0.0224,-0.0006,unknown
1,3,0.0028,0.0046,3,0,37.86,265.73,1.07,1.0,-0.029,0.0545,schema_change
0,0,0.0003,0.0,0,0,58.85,267.98,1.11,1.0,-0.0524,-0.0348,unknown
0,0,0.0041,0.001,0,0,52.76,207.89,0.99,1.0,0.0375,0.0122,unknown
0,0,0.0012,0.0022,0,1,38.87,244.23,0.25,1.0,-0.0139,-0.012,dependency_failure
1,2,0.0,0.001,3,0,47.51,199.99,0.93,1.0,0.0336,0.0197,schema_change
0,0,0.001,0.0028,0,1,34.31,226.48,0.24,1.0,0.0279,-0.0809,dependency_failure
0,0,0.0,0.0036,0,1,45.34,233.01,0.3,1.0,0.0614,0.0587,dependency_failure
0,0,0.2485,0.2335,6,0,38.46,229.97,1.02,0.53,-0.0607,-0.0174,data_quality
0,0,0.1556,0.1083,14,0,27.66,319.25,0.94,0.93,-0.0021,0.0278,data_quality
1,2,0.0011,0.0,2,0,36.39,259.83,0.91,1.0,-0.044,0.0481,schema_change
1,2,0.0044,0.0,3,0,29.8,246.66,0.86,1.0,-0.0461,-0.0502,schema_change
0,0,0.0,0.0004,0,1,34.87,276.21,0.13,1.0,0.0027,-0.0615,dependency_failure
0,0,0.0,0.0017,0,0,76.04,215.44,0.92,0.0,-0.0257,-0.0332,unknown
0,0,0.0008,0.0,0,1,31.28,208.07,0.24,1.0,-0.0183,-0.0075,dependency_failure
0,0,0.0003,0.0,0,0,87.47,2804.37,1.01,1.0,0.0051,2.021,resource_constraint
1,3,0.0,0.0013,4,0,24.42,223.27,0.99,1.0,0.0701,-0.0023,schema_change
0,0,0.0,0.0003,0,0,23.84,322.55,0.96,0.0,0.0202,0.0726,unknown
0,0,0.1979,0.1852,13,0,37.63,255.61,0.9,0.72,0.0993,-0.0709,data_quality
0,0,0.079,0.2305,10,0,36.44,303.81,1.04,0.65,-0.0249,-0.0476,data_quality
0,0,0.0031,0.0004,0,0,68.81,256.17,1.08,1.0,-0.0533,0.0301,unknown
0,0,0.0001,0.0012,0,0,32.32,300.53,1.01,1.0,0.0236,-0.0457,unknown
0,0,0.0016,0.0011,0,0,94.96,3635.49,1.04,1.0,-0.1227,2.9423,resource_constraint
0,0,0.0029,0.0,0,1,36.51,280.36,0.26,1.0,0.0258,-0.0434,dependency_failure
0,0,0.1172,0.1668,12,0,25.78,288.71,1.04,0.83,0.0525,0.0162,data_quality
1,2,0.0,0.0012,3,0,23.34,237.63,0.92,1.0,0.016,0.067,schema_change
0,0,0.0022,0.0024,0,0,65.73,310.85,0.99,1.0,0.0886,-0.0162,unknown
0,0,0.0014,0.003,0,0,38.07,169.11,3.91,1.0,-0.6248,2.4996,timeout
0,0,0.0008,0.0,0,0,57.36,313.08,0.74,1.0,-0.0337,-0.0211,unknown
0,0,0.0019,0.0019,0,0,70.58,302.06,0.98,1.0,-0.0294,0.0586,unknown
0,0,0.0025,0.0018,0,0,39.4,295.23,3.37,1.0,-0.4565,2.2544,timeout
0,0,0.0018,0.0018,0,1,23.68,245.71,0.14,1.0,-0.0206,-0.033,dependency_failure
0,0,0.2053,0.0849,5,0,34.64,268.92,0.98,0.54,0.0331,-0.0404,data_quality
0,0,0.0005,0.0,0,1,31.87,248.73,0.14,1.0,-0.0182,0.0167,dependency_failure
0,0,0.0014,0.0,0,0,33.43,237.16,1.07,0.0,-0.0236,0.0949,unknown
0,0,0.195,0.0458,14,0,38.43,221.54,0.96,0.54,-0.0206,0.0511,data_quality
0,0,0.0019,0.0,0,0,67.86,232.32,0.87,1.0,0.0361,-0.0129,unknown
0,0,0.0009,0.0,0,0,88.8,3264.22,1.14,1.0,0.048,3.5107,resource_constraint
0,0,0.0046,0.0012,0,1,26.03,206.28,0.12,1.0,0.0504,-0.0822,dependency_failure
0,0,0.0017,0.0,0,0,99.56,3452.1,1.19,1.0,-0.0193,2.6558,resource_constraint
0,0,0.0,0.001,0,0,58.48,197.5,0.99,1.0,0.0632,0.0502,unknown
0,0,0.0046,0.0009,0,0,86.68,3852.18,1.02,1.0,0.0962,2.0586,resource_constraint
0,0,0.0038,0.005,0,0,20.0,197.07,0.86,0.0,-0.0595,0.0067,unknown
0,0,0.0,0.0015,0,0,85.88,2862.46,0.87,1.0,-0.0385,2.9129,resource_constraint
0,0,0.0,0.0024,0,0,53.64,230.71,1.08,0.0,-0.0251,-0.0672,unknown
0,0,0.0002,0.0009,0,0,38.47,228.76,2.62,1.0,-0.4898,4.7454,timeout
1,2,0.0,0.0017,3,0,44.82,201.61,1.17,1.0,0.021,-0.0353,schema_change
0,0,0.0019,0.0015,0,0,40.09,244.96,3.59,1.0,-0.5787,3.1501,timeout
0,0,0.001,0.0,0,1,28.25,283.75,0.27,1.0,-0.008,-0.0429,dependency_failure
0,0,0.0028,0.0,0,0,61.86,212.48,0.83,0.0,0.0392,0.0454,unknown
0,0,0.0,0.0009,0,1,25.61,257.87,0.2,1.0,-0.0195,0.0155,dependency_failure
0,0,0.0003,0.0009,0,0,45.7,280.24,3.28,1.0,-0.549,3.0532,timeout
0,0,0.0,0.0023,0,0,39.6,249.98,4.62,1.0,-0.4737,3.9733,timeout
1,3,0.0,0.0029,3,0,20.9,295.77,0.87,1.0,-0.0113,0.0532,schema_change
0,0,0.0016,0.0004,0,0,58.29,285.65,1.06,0.0,0.0004,0.0033,unknown
1,2,0.0016,0.0002,3,0,23.94,221.93,1.06,1.0,0.0339,0.0203,schema_change
1,1,0.0036,0.0037,2,0,37.54,331.7,1.05,1.0,0.0073,0.0857,schema_change
0,0,0.0006,0.0014,0,0,88.94,3462.04,0.97,1.0,-0.0151,2.277,resource_constraint
0,0,0.0,0.0009,0,0,91.7,3288.93,1.0,1.0,-0.02,2.915,resource_constraint
0,0,0.0012,0.0003,0,0,40.18,280.57,2.56,1.0,-0.6478,4.5798,timeout
0,0,0.3998,0.0603,13,0,32.51,299.11,0.98,0.51,-0.0163,0.0029,data_quality
0,0,0.1857,0.0943,13,0,39.31,276.39,0.89,0.97,0.0343,-0.0076,data_quality
0,0,0.0025,0.0036,0,0,29.87,248.46,2.9,1.0,-0.4074,3.8232,timeout
0,0,0.0,0.0007,0,0,64.22,254.96,0.81,1.0,-0.074,-0.043,unknown
0,0,0.3115,0.0703,8,0,32.25,248.89,0.96,0.53,-0.0081,0.0203,data_quality
0,0,0.0,0.0,0,1,32.72,313.53,0.21,1.0,-0.0301,0.0209,dependency_failure
0,0,0.0014,0.0,0,0,24.98,234.27,2.9,1.0,-0.5335,3.8335,timeout
0,0,0.0047,0.0007,0,0,56.44,216.94,0.91,1.0,0.0054,-0.0364,unknown
0,0,0.0039,0.0022,0,0,60.07,306.04,1.08,0.0,-0.1147,-0.0527,unknown
0,0,0.1956,0.0345,13,0,36.51,183.03,0.96,0.7,-0.0183,-0.0255,data_quality
0,0,0.0023,0.0,0,0,91.13,2665.52,1.12,1.0,0.0115,3.6165,resource_constraint
0,0,0.0013,0.0,0,0,25.81,195.32,1.12,0.0,-0.0253,-0.0226,unknown
0,0,0.0038,0.0,0,1,24.51,157.75,0.23,1.0,0.0034,-0.0624,dependency_failure
0,0,0.0032,0.0,0,0,39.88,221.4,1.05,1.0,0.0254,0.0344,unknown
0,0,0.3562,0.2359,4,0,37.06,310.44,0.79,0.9,-0.0771,0.0338,data_quality
0,0,0.0036,0.0,0,0,72.18,282.76,1.16,0.0,0.0193,-0.0022,unknown
0,0,0.0033,0.0,0,0,53.6,272.69,2.1,1.0,-0.5917,4.7164,timeout
1,2,0.0031,0.0008,2,0,40.36,207.13,0.84,1.0,0.0409,0.0188,schema_change
0,0,0.0011,0.0,0,0,26.43,282.11,2.72,1.0,-0.5691,4.4625,timeout
0,0,0.0008,0.0031,0,0,97.43,3459.4,0.92,1.0,-0.0885,3.4934,resource_constraint
0,0,0.0024,0.0,0,0,20.0,224.02,0.91,0.0,-0.0378,0.0104,unknown
0,0,0.0006,0.0003,0,0,41.92,305.7,2.11,1.0,-0.5994,4.7334,timeout
0,0,0.0016,0.001,0,0,32.13,343.76,3.33,1.0,-0.5988,2.9929,timeout
0,0,0.1179,0.1434,3,0,31.29,281.26,0.96,0.97,-0.0553,-0.045,data_quality
0,0,0.0,0.0007,0,0,40.98,281.09,1.15,1.0,0.0777,0.0443,unknown
0,0,0.0043,0.0007,0,0,43.06,221.56,3.18,1.0,-0.7213,2.1604,timeout
0,0,0.0724,0.093,14,0,39.14,241.14,1.0,0.61,-0.0344,0.0102,data_quality
0,0,0.002,0.0049,0,0,27.31,236.77,2.55,1.0,-0.66,3.4545,timeout
0,0,0.0002,0.0003,0,0,26.68,260.16,2.1,1.0,-0.5722,4.7382,timeout
1,3,0.0,0.0,3,0,29.89,197.08,1.16,1.0,0.0505,-0.0344,schema_change
0,0,0.0016,0.0027,0,0,94.25,3134.97,0.93,1.0,0.0327,2.2123,resource_constraint
0,0,0.0,0.0017,0,0,41.73,307.79,4.01,1.0,-0.6329,4.5305,timeout
0,0,0.0019,0.0,0,0,94.54,3286.26,1.08,1.0,0.0585,2.0778,resource_constraint
0,0,0.0,0.0025,0,0,49.0,258.7,1.17,1.0,-0.0013,-0.0128,unknown
0,0,0.248,0.1844,11,0,31.54,231.75,1.15,0.97,0.0196,0.0247,data_quality
0,0,0.0057,0.0024,0,0,32.86,226.99,3.76,1.0,-0.567,2.5463,timeout
1,2,0.0026,0.0027,3,0,28.13,259.76,1.1,1.0,0.0103,-0.0597,schema_change
0,0,0.0,0.0016,0,1,24.7,220.5,0.15,1.0,0.0088,-0.0509,dependency_failure
0,0,0.0856,0.1876,1,0,41.03,227.15,1.02,0.6,0.0122,-0.0298,data_quality
0,0,0.0024,0.0018,0,0,52.79,211.82,0.88,1.0,0.0027,0.0032,unknown
0,0,0.0,0.0,0,0,43.3,281.93,3.97,1.0,-0.6301,4.8737,timeout
1,1,0.0,0.0013,2,0,37.66,230.53,1.01,1.0,-0.0137,-0.05,schema_change
1,2,0.0026,0.001,2,0,40.35,206.33,0.96,1.0,0.0348,0.0425,schema_change
0,0,0.1195,0.0846,4,0,58.48,208.88,0.83,1.0,-0.0197,-0.0784,data_quality
0,0,0.3188,0.1199,5,0,36.97,131.88,1.12,0.72,-0.0351,0.1133,data_quality
1,3,0.0014,0.0024,4,0,34.28,307.6,0.93,1.0,0.09,-0.002,schema_change
1,2,0.0019,0.0048,2,0,43.1,158.63,1.02,1.0,0.0715,-0.0669,schema_change
0,0,0.001,0.0,0,1,24.73,268.15,0.2,1.0,0.0104,0.0413,dependency_failure
0,0,0.0016,0.0,0,0,91.65,3171.61,0.87,1.0,-0.1333,2.3573,resource_constraint
0,0,0.0009,0.0,0,0,46.16,258.15,3.88,1.0,-0.7445,4.9941,timeout
0,0,0.0017,0.0014,0,0,34.33,245.68,2.46,1.0,-0.6199,4.8348,timeout
0,0,0.0,0.0,0,0,32.01,227.97,3.78,1.0,-0.5083,2.7827,timeout
0,0,0.0,0.0,0,0,61.78,226.48,0.97,0.0,0.036,-0.0748,unknown
0,0,0.0027,0.0023,0,1,38.1,272.39,0.22,1.0,-0.0173,0.0719,dependency_failure
0,0,0.0041,0.0048,0,0,41.39,296.87,3.04,1.0,-0.4207,2.2815,timeout
0,0,0.0014,0.0026,0,0,52.82,192.35,2.41,1.0,-0.4406,3.9428,timeout
0,0,0.0017,0.0003,0,1,49.93,313.95,0.29,1.0,-0.0348,0.0018,dependency_failure
0,0,0.0,0.0023,0,0,90.61,3366.0,0.88,1.0,0.0493,1.7377,resource_constraint
0,0,0.3814,0.0754,13,0,37.31,224.79,0.82,0.62,-0.061,-0.0052,data_quality
1,1,0.0025,0.0,1,0,30.8,227.14,0.91,1.0,-0.1306,0.0475,schema_change
0,0,0.0034,0.0006,0,0,43.93,280.79,1.22,1.0,-0.0202,-0.0123,unknown
0,0,0.2537,0.0327,6,0,35.44,230.94,1.02,0.57,0.079,-0.0648,data_quality
0,0,0.0011,0.0,0,0,35.3,290.13,2.86,1.0,-0.6332,2.3278,timeout
0,0,0.0031,0.004,0,0,94.2,3692.46,0.91,1.0,-0.0458,1.773,resource_constraint
0,0,0.0035,0.0,0,0,45.08,221.09,1.13,0.0,-0.0297,0.0345,unknown
0,0,0.0,0.0012,0,0,87.66,3340.11,1.03,1.0,0.0671,3.9693,resource_constraint
0,0,0.0,0.0,0,0,20.0,236.28,3.58,1.0,-0.4697,3.5207,timeout
0,0,0.0027,0.0005,0,1,48.65,197.59,0.29,1.0,0.0138,-0.1404,dependency_failure
0,0,0.0,0.004,0,0,29.41,249.41,1.12,1.0,0.0767,-0.0125,unknown
0,0,0.0,0.0005,0,0,39.65,279.9,2.36,1.0,-0.5109,4.8686,timeout
0,0,0.0029,0.0,0,0,22.77,214.02,2.1,1.0,-0.4756,4.0751,timeout
0,0,0.0992,0.1632,13,0,19.77,217.65,1.19,0.6,-0.0205,0.0073,data_quality
0,0,0.1286,0.135,9,0,42.57,240.34,1.12,0.92,-0.0371,-0.073,data_quality
0,0,0.0,0.0002,0,0,85.87,2899.26,1.22,1.0,0.0853,3.6321,resource_constraint
1,3,0.004,0.003,4,0,42.35,200.17,1.01,1.0,-0.0355,-0.0629,schema_change
0,0,0.1402,0.1136,7,0,24.21,250.63,1.19,0.73,0.0512,0.0822,data_quality
0,0,0.0025,0.0006,0,0,93.97,3640.42,1.14,1.0,-0.0638,1.9547,resource_constraint
0,0,0.0009,0.0007,0,0,98.9,3251.51,0.98,1.0,-0.0547,2.8834,resource_constraint
0,0,0.3532,0.0277,3,0,31.08,224.51,1.04,0.96,0.0448,0.0236,data_quality
0,0,0.0036,0.0032,0,0,98.56,3060.85,1.08,1.0,0.0398,3.4047,resource_constraint
0,0,0.0,0.0,0,0,32.3,254.74,2.56,1.0,-0.5575,2.8149,timeout
0,0,0.0013,0.0017,0,1,29.94,270.15,0.16,1.0,-0.1323,0.0098,dependency_failure
0,0,0.0011,0.0049,0,0,87.64,3280.68,0.92,1.0,-0.0378,2.3877,resource_constraint
0,0,0.0022,0.0033,0,0,93.93,3087.5,0.97,1.0,0.0151,1.7586,resource_constraint
0,0,0.0029,0.0014,0,0,93.31,3114.48,1.03,1.0,-0.0756,3.0991,resource_constraint
0,0,0.0,0.0027,0,0,41.61,270.98,1.07,1.0,0.1213,-0.0512,unknown
0,0,0.0016,0.0053,0,0,86.2,3370.88,0.97,1.0,-0.0063,2.0281,resource_constraint
0,0,0.0038,0.0032,0,0,60.74,225.61,1.27,1.0,-0.0783,-0.0891,unknown
0,0,0.0009,0.0004,0,0,88.06,3047.09,0.95,1.0,0.0587,2.023,resource_constraint
0,0,0.0,0.0005,0,0,31.41,285.42,2.7,1.0,-0.5929,4.2427,timeout
0,0,0.003,0.0031,0,0,86.54,3095.74,1.22,1.0,0.0017,2.4764,resource_constraint
0,0,0.0,0.0025,0,0,49.41,315.12,0.96,0.0,0.0035,0.0087,unknown
0,0,0.0017,0.0038,0,0,74.53,294.21,1.02,1.0,-0.0767,0.0469,unknown
0,0,0.0011,0.0026,0,0,30.84,259.79,3.85,1.0,-0.7346,3.9624,timeout
0,0,0.0,0.0,0,1,46.66,172.03,0.29,1.0,-0.0151,0.0126,dependency_failure
0,0,0.3289,0.0345,14,0,37.02,225.54,0.95,0.84,0.0523,0.0801,data_quality
0,0,0.0,0.0053,0,0,85.13,2919.84,1.02,1.0,0.0237,1.5705,resource_constraint
0,0,0.0006,0.0,0,0,41.69,263.2,2.97,1.0,-0.4568,4.248,timeout
0,0,0.0021,0.0013,0,0,25.75,237.45,2.38,1.0,-0.4659,4.7477,timeout
0,0,0.0032,0.0013,0,1,51.65,304.37,0.19,1.0,0.0196,-0.0921,dependency_failure
0,0,0.0016,0.001,0,1,39.29,245.79,0.28,1.0,0.0081,-0.1017,dependency_failure
0,0,0.1444,0.2085,10,0,31.88,176.05,0.98,1.0,0.0095,0.0049,data_quality
0,0,0.001,0.002,0,0,24.71,243.14,2.74,1.0,-0.5923,2.1995,timeout
0,0,0.0019,0.0,0,0,52.84,235.27,0.8,1.0,0.065,0.0128,unknown
0,0,0.0,0.0,0,0,29.08,178.03,2.4,1.0,-0.7984,3.3064,timeout
0,0,0.0032,0.0012,0,0,42.2,225.46,2.1,1.0,-0.7925,2.5004,timeout
1,3,0.0022,0.0,4,0,24.19,210.97,1.11,1.0,-0.0475,0.1316,schema_change
0,0,0.0007,0.0019,0,1,32.59,253.79,0.2,1.0,0.0409,0.0374,dependency_failure
0,0,0.1669,0.0446,2,0,36.1,265.93,1.02,0.62,0.0103,0.04,data_quality
0,0,0.0,0.0008,0,1,39.36,239.63,0.19,1.0,0.001,-0.0383,dependency_failure
0,0,0.0017,0.0014,0,0,95.19,2831.93,1.0,1.0,-0.0391,2.3653,resource_constraint
0,0,0.0005,0.0,0,0,34.74,223.96,3.5,1.0,-0.4882,4.3295,timeout
0,0,0.0,0.0028,0,1,20.95,208.57,0.29,1.0,0.0664,-0.0492,dependency_failure
1,3,0.0028,0.0008,3,0,33.56,377.72,1.03,1.0,-0.0376,-0.0213,schema_change
1,2,0.0008,0.0015,2,0,27.76,211.28,0.98,1.0,-0.0013,0.0217,schema_change
0,0,0.0017,0.0,0,1,39.94,250.61,0.28,1.0,-0.0102,-0.0102,dependency_failure
1,2,0.0007,0.0037,3,0,37.51,225.74,1.05,1.0,-0.023,-0.0347,schema_change
0,0,0.0023,0.0043,0,0,65.79,255.65,0.99,0.0,-0.0187,-0.0515,unknown
0,0,0.0027,0.0024,0,1,35.96,173.27,0.15,1.0,0.0219,-0.0011,dependency_failure
0,0,0.0006,0.0002,0,0,92.89,3395.13,1.25,1.0,-0.0382,2.1774,resource_constraint
0,0,0.0,0.0,0,1,43.83,257.06,0.27,1.0,0.0097,0.0876,dependency_failure
0,0,0.0034,0.0,0,0,90.79,3136.47,0.79,1.0,0.0006,1.7143,resource_constraint
0,0,0.0012,0.0,0,0,30.62,194.69,2.98,1.0,-0.6554,4.1401,timeout
0,0,0.0,0.003,0,0,60.04,265.79,0.96,1.0,-0.0026,0.0658,unknown
0,0,0.0,0.0012,0,1,35.18,293.37,0.21,1.0,0.0582,-0.0479,dependency_failure
0,0,0.0031,0.0,0,0,35.85,251.14,3.05,1.0,-0.7482,2.7984,timeout
0,0,0.21,0.0868,6,0,28.23,226.6,0.95,0.78,0.018,0.1175,data_quality
0,0,0.1252,0.1019,1,0,43.42,255.27,1.01,0.64,0.0204,0.055,data_quality
0,0,0.0,0.0042,0,0,41.99,307.64,3.96,1.0,-0.4099,2.2913,timeout
1,1,0.0017,0.0044,1,0,44.28,234.92,1.05,1.0,0.0627,0.0204,schema_change
0,0,0.0038,0.0005,0,0,54.5,253.71,1.03,0.0,0.0127,0.0269,unknown
0,0,0.0007,0.0009,0,0,69.28,303.35,0.93,0.0,0.0154,-0.0078,unknown
0,0,0.0,0.0037,0,0,55.0,251.16,0.89,0.0,0.0716,0.0047,unknown
0,0,0.0003,0.003,0,0,43.29,220.81,3.6,1.0,-0.7281,2.4557,timeout
1,3,0.0,0.0018,4,0,35.65,224.75,1.03,1.0,-0.0145,0.0349,schema_change
0,0,0.2649,0.1618,10,0,18.48,222.56,0.91,0.73,-0.012,-0.0107,data_quality
0,0,0.0011,0.0014,0,0,20.85,254.82,3.89,1.0,-0.4363,2.2782,timeout
1,1,0.0005,0.0,1,0,45.26,231.6,0.9,1.0,-0.002,-0.0031,schema_change
0,0,0.0,0.0034,0,0,93.21,3550.1,1.16,1.0,0.0711,2.2083,resource_constraint
0,0,0.0,0.0028,0,1,45.6,234.97,0.12,1.0,-0.0957,0.0391,dependency_failure
0,0,0.002,0.0025,0,0,93.44,3504.38,1.02,1.0,-0.123,3.0993,resource_constraint
0,0,0.0013,0.0,0,0,53.36,260.23,1.04,0.0,-0.0102,0.0338,unknown
0,0,0.0,0.0,0,1,33.72,308.16,0.12,1.0,0.0162,-0.1001,dependency_failure
0,0,0.0003,0.0042,0,0,94.13,3614.46,1.03,1.0,0.0141,3.9766,resource_constraint
1,2,0.0,0.0,2,0,48.5,285.27,1.0,1.0,0.074,0.0039,schema_change
0,0,0.0009,0.0005,0,0,79.89,289.93,0.92,1.0,0.0152,-0.0316,unknown
0,0,0.0004,0.0002,0,1,26.23,223.12,0.29,1.0,-0.1035,0.0035,dependency_failure
0,0,0.3435,0.206,4,0,32.1,169.7,0.96,0.66,-0.0153,0.0317,data_quality
1,3,0.0005,0.0004,4,0,32.87,309.77,1.04,1.0,-0.0357,0.0448,schema_change
0,0,0.001,0.0024,0,0,37.28,308.99,0.97,1.0,-0.0494,-0.0159,unknown
0,0,0.1865,0.1135,5,0,34.03,155.78,1.07,0.79,0.0173,0.0045,data_quality
0,0,0.0,0.0039,0,0,69.7,218.82,0.82,1.0,-0.0102,-0.0124,unknown
0,0,0.1285,0.0426,13,0,48.67,327.56,1.09,0.96,0.0327,-0.0117,data_quality
0,0,0.0014,0.0,0,1,29.61,241.28,0.26,1.0,0.0108,-0.0424,dependency_failure
0,0,0.0,0.0027,0,1,31.25,211.29,0.15,1.0,0.0762,-0.0062,dependency_failure
1,3,0.0023,0.0025,4,0,39.9,209.33,0.98,1.0,-0.002,-0.0067,schema_change
0,0,0.0006,0.0,0,1,15.87,255.12,0.25,1.0,-0.127,-0.0175,dependency_failure
0,0,0.0,0.0024,0,0,96.58,3480.62,0.88,1.0,-0.0799,3.7385,resource_constraint
0,0,0.1348,0.0368,4,0,39.17,262.87,1.02,0.87,-0.0498,-0.0091,data_quality
0,0,0.0,0.0023,0,1,47.96,265.53,0.24,1.0,0.0115,-0.0819,dependency_failure
0,0,0.0026,0.0,0,0,71.61,237.41,1.02,1.0,-0.0286,-0.03,unknown
0,0,0.002,0.003,0,1,38.32,320.24,0.15,1.0,0.0431,0.044,dependency_failure
0,0,0.0014,0.0,0,0,31.32,220.93,2.87,1.0,-0.4159,2.6686,timeout
1,1,0.001,0.0,1,0,39.89,199.21,0.89,1.0,-0.0304,0.0815,schema_change
1,3,0.0009,0.0012,4,0,38.02,222.96,1.05,1.0,-0.0778,-0.0911,schema_change
0,0,0.0002,0.0033,0,0,90.91,3286.53,0.97,1.0,0.024,3.2647,resource_constraint
0,0,0.252,0.2353,8,0,56.67,282.31,1.02,0.93,0.0045,0.0601,data_quality
0,0,0.0016,0.0003,0,0,93.11,3026.56,1.23,1.0,-0.0228,2.1334,resource_constraint
0,0,0.001,0.0021,0,1,50.37,211.2,0.17,1.0,-0.0468,-0.0039,dependency_failure
0,0,0.0015,0.0031,0,1,32.98,243.7,0.23,1.0,-0.0814,-0.0177,dependency_failure
0,0,0.0016,0.0031,0,0,94.11,3530.9,0.94,1.0,0.023,3.6926,resource_constraint
0,0,0.0,0.0019,0,0,32.64,215.15,3.16,1.0,-0.5915,3.7042,timeout
0,0,0.0002,0.0,0,0,80.0,280.04,0.98,1.0,-0.0237,-0.068,unknown
1,1,0.0,0.0015,1,0,32.28,217.39,1.07,1.0,0.03,-0.0241,schema_change
0,0,0.1639,0.053,7,0,26.78,252.72,0.85,0.85,-0.0256,0.0025,data_quality
0,0,0.0036,0.0,0,0,85.92,3114.07,0.97,1.0,0.0487,3.4088,resource_constraint
0,0,0.0014,0.0002,0,0,98.49,3437.4,1.0,1.0,0.0038,1.6629,resource_constraint
0,0,0.0001,0.0018,0,0,43.3,226.59,1.01,0.0,-0.0472,0.0041,unknown
0,0,0.0026,0.0021,0,0,87.59,3303.92,0.84,1.0,0.0318,2.7554,resource_constraint
0,0,0.0,0.0018,0,0,20.0,247.25,1.13,1.0,0.0255,0.0785,unknown
1,1,0.0,0.0,1,0,36.91,332.96,0.91,1.0,-0.1265,-0.0143,schema_change
0,0,0.0,0.0018,0,0,56.18,252.44,0.92,0.0,0.024,-0.0412,unknown
0,0,0.1233,0.1435,2,0,39.92,241.21,1.04,0.87,-0.0139,0.0183,data_quality
0,0,0.0003,0.0016,0,0,98.25,2910.01,1.12,1.0,0.0522,3.7435,resource_constraint
0,0,0.0011,0.0025,0,0,58.81,223.29,0.9,0.0,-0.0621,-0.0171,unknown
0,0,0.0,0.0,0,0,50.53,301.69,0.97,0.0,-0.0235,-0.085,unknown
0,0,0.211,0.0235,10,0,20.28,125.18,1.02,0.64,-0.0132,0.0199,data_quality
0,0,0.0032,0.0,0,0,94.98,2548.27,1.04,1.0,0.0039,2.2971,resource_constraint
0,0,0.0012,0.0,0,0,88.56,2889.15,0.97,1.0,-0.049,3.4213,resource_constraint
0,0,0.0,0.0,0,0,38.74,233.34,2.87,1.0,-0.4801,2.4276,timeout
0,0,0.1685,0.0327,7,0,35.4,275.42,1.11,0.78,-0.0164,-0.1638,data_quality
1,2,0.0063,0.0016,3,0,37.55,280.95,1.11,1.0,0.0317,0.0238,schema_change
0,0,0.0004,0.0004,0,0,23.76,270.92,2.65,1.0,-0.7237,3.2038,timeout
0,0,0.002,0.0012,0,1,49.06,225.57,0.11,1.0,-0.0635,0.04,dependency_failure
0,0,0.005,0.0008,0,0,54.91,224.17,0.83,1.0,0.0411,-0.1174,unknown
0,0,0.0022,0.0016,0,1,30.01,283.78,0.16,1.0,0.0383,0.0243,dependency_failure
0,0,0.3867,0.1432,12,0,29.76,212.77,0.99,0.81,0.0832,-0.0442,data_quality
0,0,0.3525,0.1269,5,0,18.74,212.74,1.07,0.87,0.0604,0.0511,data_quality
0,0,0.0035,0.0002,0,0,39.09,255.69,0.99,0.0,0.0384,-0.0108,unknown
1,1,0.0017,0.0016,2,0,29.29,324.63,1.05,1.0,-0.0596,0.0328,schema_change
0,0,0.3669,0.1334,11,0,26.07,238.25,0.87,0.67,-0.0449,-0.1001,data_quality
0,0,0.0,0.0,0,1,37.85,235.07,0.14,1.0,0.0682,-0.0255,dependency_failure
0,0,0.0027,0.0031,0,0,48.15,288.78,0.88,0.0,-0.0946,-0.039,unknown
0,0,0.0013,0.005,0,1,26.65,269.19,0.28,1.0,-0.0095,-0.0722,dependency_failure
0,0,0.0014,0.0021,0,0,94.83,3147.2,1.0,1.0,0.0089,3.6194,resource_constraint
0,0,0.0013,0.0014,0,0,99.9,3281.46,1.07,1.0,0.0256,2.5167,resource_constraint
0,0,0.3578,0.1322,10,0,17.77,211.93,1.18,0.82,0.0359,0.0213,data_quality
0,0,0.004,0.0009,0,0,26.97,249.41,2.27,1.0,-0.7365,3.9648,timeout
1,1,0.0011,0.0012,2,0,39.91,209.09,0.97,1.0,-0.0834,0.02,schema_change
0,0,0.0,0.0033,0,0,56.35,256.83,0.98,0.0,0.0253,-0.0428,unknown
0,0,0.0,0.0037,0,0,94.61,2974.47,1.15,1.0,-0.0283,3.7309,resource_constraint
1,2,0.0,0.0,2,0,24.91,329.59,1.05,1.0,0.0206,0.0795,schema_change
0,0,0.0046,0.0022,0,0,94.31,2910.39,1.04,1.0,-0.007,1.6786,resource_constraint
0,0,0.2475,0.2346,10,0,37.38,206.63,0.96,0.79,0.0591,-0.0139,data_quality
0,0,0.0002,0.0,0,0,70.27,267.41,0.93,1.0,0.0642,-0.0585,unknown
0,0,0.0021,0.0016,0,0,33.59,245.44,2.1,1.0,-0.6366,4.2329,timeout
0,0,0.0028,0.0003,0,1,49.14,151.52,0.12,1.0,-0.034,-0.0212,dependency_failure
0,0,0.0,0.0,0,1,21.62,240.81,0.16,1.0,0.0487,-0.0316,dependency_failure
0,0,0.0009,0.0,0,0,92.19,2757.17,0.99,1.0,-0.0527,2.7348,resource_constraint
0,0,0.0019,0.0006,0,1,40.84,198.48,0.27,1.0,-0.0893,0.0173,dependency_failure
